ID;Site;Unit;Layer;Phase;Period;Out Sur Treat;RimTYpeCA;Rim Angle;Rim Thickness;Rim Dia;CR2/3;Dogon;RSO;CR6;CR4;PE;ch;paint;ICS
1;TBZ2;1;1;5;3;23;C;2;7,9;9;0;0;0;0;0;0;0;0;0
2;TBZ2;1;1;5;3;23;E1;3;6,88;6;0;0;0;0;0;0;0;0;0
3;TBZ2;1;1;5;3;23;S;3;14,41;;0;0;0;0;0;0;0;0;0
4;TBZ2;1;1;5;3;2;E1;3;9,67;22;0;0;0;0;1;0;0;0;0
6;TBZ2;1;1;5;3;2;;4;18,06;14;0;0;0;0;0;0;0;0;0
7;TBZ2;1;1;5;3;23;E1;3;6,61;5;0;0;0;0;0;0;0;0;0
8;TBZ2;1;1;5;3;2;S;4;12,87;;0;0;0;0;0;0;0;0;0
8;TBZ2;1;1;5;3;23;E3;1;9,47;;0;0;0;0;0;0;0;0;0
9;TBZ2;1;1;5;3;23;S;3;19,51;17;0;0;0;0;0;0;0;0;0
10;TBZ2;1;1;5;3;2;S;4;18,88;35;0;0;0;0;0;1;0;0;0
11;TBZ2;1;1;5;3;23;E1;3;7,69;13;0;0;0;0;0;0;0;0;0
13;TBZ2;1;1;5;3;2;E2;2;21,82;11;0;0;0;0;0;0;0;1;0
15;TBZ2;1;1;5;3;2;S;3;9,85;;0;0;0;1;1;0;0;1;0
15;TBZ2;1;1;5;3;23;C;3;7,2;;0;0;0;0;0;0;0;0;0
16;TBZ2;1;1;5;3;1;S;3;18,56;9;0;0;0;0;0;1;0;1;0
17;TBZ2;1;1;5;3;2;E1;3;12,69;11;0;0;0;1;0;1;0;0;0
18;TBZ2;1;1;5;3;2;S;4;21;17;0;0;0;0;0;0;0;0;0
19;TBZ2;1;1;5;3;2;S;4;12,41;16;0;0;0;0;0;0;0;0;0
19;TBZ1;8;2;4;3;2;E1;4;10,8;11;0;0;0;0;0;1;0;0;0
20;TBZ2;1;1;5;3;23;E1;2;7,17;22;0;0;0;0;0;0;0;0;0
21;TBZ2;1;1;5;3;2;S;3;13,34;19;0;0;0;0;0;0;0;0;0
22;TBZ2;1;1;5;3;2;E1;3;9,2;6;0;0;0;0;0;1;0;0;0
23;TBZ2;1;1;5;3;2;E1;3;12,73;;0;0;0;0;0;1;0;0;0
23;TBZ2;1;1;5;3;2;E1;3;8,92;;0;0;0;0;0;1;0;0;0
23;TBZ2;1;1;5;3;2;E1;3;10,41;;0;0;0;0;0;1;0;0;0
24;TBZ2;1;1;5;3;2;E1;4;11,16;11;0;0;0;0;0;1;0;1;0
25;TBZ2;1;1;5;3;23;E1;3;11,46;;0;0;0;0;0;1;0;0;0
27;TBZ2;1;1;5;3;2;E1;3;13,06;12;0;0;0;0;0;1;0;0;0
29;TBZ2;1;1;5;3;1;E1;4;9,33;13;0;0;0;0;0;1;0;1;0
30;TBZ2;1;1;5;3;2;E1;3;10,51;14;0;0;0;0;0;1;0;0;0
31;TBZ2;1;1;5;3;2;E1;4;10,74;;0;0;0;0;0;0;0;0;0
32;TBZ2;1;1;5;3;23;S;3;15,42;14;0;0;0;0;0;1;0;1;0
33;TBZ2;1;1;5;3;2;E1;4;12,43;12;0;0;0;0;0;1;0;1;0
34;TBZ2;1;1;5;3;2;E1;3;12,58;10;0;0;0;0;0;0;0;1;0
35;TBZ2;1;1;5;3;2;S;3;10,41;14;0;0;0;0;0;1;0;0;0
36;TBZ2;1;1;5;3;2;E1;3;11,11;10;0;0;0;0;0;1;0;0;0
37;TBZ2;1;1;5;3;2;E1;4;10,72;;0;0;0;0;0;1;0;0;0
38;TBZ2;1;1;5;3;2;E1;3;8,76;12;0;0;0;0;0;1;0;0;0
39;TBZ2;1;1;5;3;2;E1;3;10,87;;0;0;0;0;0;1;0;0;0
39;TBZ2;1;1;5;3;23;;3;11;;0;0;0;0;0;0;0;0;0
40;TBZ2;1;1;5;3;2;E1;4;8,47;13;0;0;0;0;0;0;0;1;0
41;TBZ2;1;1;5;3;23;E1;4;11,08;11;0;0;0;0;0;1;0;0;0
42;TBZ2;1;1;5;3;1;E1;4;10,68;7;0;0;0;0;1;0;0;0;0
43;TBZ2;1;1;5;3;23;E1;4;13,02;11;0;0;0;0;0;1;0;0;0
44;TBZ2;1;1;5;3;2;C;4;10,87;35;0;0;0;0;0;1;0;1;0
46;TBZ2;1;1;5;3;2;E1;4;11,73;12;0;0;0;0;0;1;0;1;0
47;TBZ2;1;1;5;3;2;S;3;16,5;14;0;0;0;0;0;0;0;0;0
48;TBZ2;1;1;5;3;2;;3;5,88;;0;0;0;0;0;0;0;0;0
50;TBZ2;1;1;5;3;2;;3;18,53;;0;0;0;0;0;0;0;0;0
51;TBZ2;1;1;5;3;2;S;4;11,2;13;0;0;0;0;0;0;0;0;0
52;TBZ2;1;1;5;3;2;;2;23,62;18;0;0;0;0;0;0;0;0;0
53;TBZ2;1;1;5;3;2;S;4;22,67;13;0;0;0;0;0;0;0;0;0
54;TBZ2;1;1;5;3;23;S;3;18,49;12;0;0;0;0;0;0;0;0;0
55;TBZ2;1;1;5;3;2;S;3;22,97;9;0;0;0;0;0;0;0;0;0
56;TBZ2;1;1;5;3;2;E1;3;9,1;13;0;0;0;0;0;1;0;0;0
57;TBZ2;1;1;5;3;2;S;4;9,35;12;0;0;0;0;0;0;0;0;0
58;TBZ2;1;1;5;3;2;E1;3;11,79;15;0;0;0;0;0;1;0;0;0
59;TBZ2;1;1;5;3;23;S;3;7,43;14;0;0;0;0;0;0;0;0;0
60;TBZ2;1;1;5;3;23;S;3;6,79;6;0;0;0;0;0;0;0;0;0
61;TBZ2;1;1;5;3;2;S;3;18,78;18;0;0;0;0;0;0;0;0;0
62;TBZ2;1;1;5;3;23;;4;11,66;13;0;0;0;0;0;0;0;0;0
63;TBZ2;1;1;5;3;2;S;3;12,12;;0;0;0;0;0;1;0;0;0
64;TBZ2;1;1;5;3;2;S;3;7,36;19;0;0;0;0;0;0;0;0;0
64;TBZ2;1;1;5;3;2;S;4;22,86;;0;0;0;0;0;0;0;0;0
65;TBZ2;1;1;5;3;2;;3;23,18;;0;0;0;0;0;0;0;0;0
66;TBZ2;1;1;5;3;2;E1;3;5,84;6;0;0;0;0;0;0;0;1;0
67;TBZ2;1;1;5;3;2;S;4;10,23;14;0;0;0;0;0;0;0;0;0
68;TBZ2;1;1;5;3;2;S;3;20,78;16;0;0;0;0;0;0;0;0;0
69;TBZ2;1;1;5;3;2;S;3;9,44;10;0;0;0;0;0;0;0;1;0
70;TBZ2;1;1;5;3;23;S;4;5,47;;0;0;0;0;0;0;0;0;0
71;TBZ2;1;1;5;3;23;S;2;7,49;11;0;0;0;0;0;0;0;0;0
72;TBZ2;1;1;5;3;23;E1;3;8,56;10;0;0;0;0;0;0;0;0;0
73;TBZ2;1;1;5;3;2;S;3;12,89;10;0;0;0;0;0;0;0;0;0
74;TBZ2;1;1;5;3;23;E1;3;6,23;6;0;0;0;0;0;0;0;0;0
76;TBZ2;1;1;5;3;2;S;3;8,47;6;0;0;0;0;0;0;0;0;0
77;TBZ2;1;1;5;3;2;S;3;8,5;10;0;0;0;0;0;0;0;0;0
78;TBZ2;1;1;5;3;23;S;2;6,75;6;0;0;0;0;0;0;0;0;0
79;TBZ2;1;1;5;3;23;S;5;12,45;9;0;0;0;0;0;0;0;0;0
80;TBZ2;1;1;5;3;2;S;4;24,8;35;0;0;0;0;0;0;0;0;0
81;TBZ2;1;1;5;3;23;;4;9,68;14;0;0;0;0;0;0;0;0;0
82;TBZ2;1;1;5;3;1;S;3;10,08;;0;0;0;0;0;0;0;0;0
82;TBZ2;1;1;5;3;2;E1;3;9,48;;0;0;0;0;0;0;0;0;0
85;TBZ2;1;1;5;3;2;S;3;18,16;;0;0;0;0;0;1;0;0;0
86;TBZ2;1;1;5;3;23;E1;3;7,38;14;0;0;0;0;0;0;0;0;0
87;TBZ2;1;1;5;3;23;S;3;13,41;;0;0;0;0;0;0;0;0;0
87;TBZ2;1;1;5;3;23;E1;3;9,06;;0;0;0;0;0;1;0;0;0
88;TBZ2;1;1;5;3;23;S;4;8,58;13;0;0;0;0;0;0;0;0;0
89;TBZ2;1;1;5;3;23;S;4;11,4;14;0;0;0;1;0;0;0;0;0
90;TBZ2;1;1;5;3;2;S;3;12,54;11;0;0;0;0;0;0;0;0;0
91;TBZ2;1;1;5;3;23;C;3;7,57;22;0;0;0;0;0;0;0;0;0
92;TBZ2;1;1;5;3;2;S;3;18,54;24;0;0;0;0;0;0;0;1;0
93;TBZ2;1;1;5;3;2;S;4;27;25;0;0;0;0;0;0;0;1;0
94;TBZ2;1;1;5;3;2;S;4;16,83;21;0;0;0;0;0;0;0;1;0
95;TBZ2;1;1;5;3;2;S;3;21,83;19;0;0;0;0;0;0;0;0;0
96;TBZ2;1;1;5;3;2;S;2;7,88;7;0;0;0;0;0;0;0;0;0
97;TBZ2;1;1;5;3;2;E1;3;8;13;0;0;0;0;0;0;0;0;0
98;TBZ2;1;1;5;3;23;S;2;21,64;21;0;0;0;0;0;0;0;0;0
99;TBZ2;1;1;5;3;2;S;4;6,86;12;0;0;0;0;0;0;0;0;0
100;TBZ2;1;1;5;3;2;E1;3;6,8;8;0;0;0;0;0;0;0;0;0
101;TBZ2;1;1;5;3;2;S;3;21,96;17;0;0;0;0;0;0;0;0;0
102;TBZ2;1;1;5;3;2;;3;9,54;13;0;0;0;0;0;0;0;1;0
103;TBZ2;1;1;5;3;23;S;3;24,37;24;0;0;0;0;0;0;0;0;0
104;TBZ2;1;1;5;3;1;S;3;17,67;21;0;0;0;0;0;0;0;1;0
105;TBZ2;1;1;5;3;2;;2;9,36;13;0;0;0;0;0;0;0;1;0
106;TBZ2;1;1;5;3;23;S;4;8,35;13;0;0;0;0;0;0;0;0;0
107;TBZ2;1;1;5;3;23;E1;3;7,9;12;0;0;0;0;0;0;0;0;0
108;TBZ2;1;1;5;3;2;E1;3;7,59;23;0;0;0;0;0;0;0;0;0
110;TBZ2;1;2;5;3;23;S;4;7,69;10;0;0;0;0;0;0;0;0;0
111;TBZ2;1;2;5;3;23;S;4;17,1;12;0;0;0;0;0;0;0;0;0
112;TBZ2;1;2;5;3;2;S;4;10,93;10;0;0;0;0;0;0;0;0;0
113;TBZ2;1;2;5;3;23;C;1;6,95;8;0;0;0;0;0;0;0;0;0
114;TBZ2;1;2;5;3;2;E1;4;13,84;17;0;0;0;0;0;1;0;0;0
115;TBZ2;1;2;5;3;2;S;4;21,11;15;0;0;0;0;0;0;0;0;0
116;TBZ2;1;2;5;3;23;S;4;10,47;9;0;0;0;0;0;0;0;0;0
117;TBZ2;1;2;5;3;2;E1;2;9,26;11;0;0;0;0;0;0;0;0;0
118;TBZ2;1;2;5;3;2;S;4;14,65;14;0;0;0;0;0;0;0;0;0
119;TBZ2;1;2;5;3;2;S;4;20,62;22;0;0;0;0;0;0;0;0;0
120;TBZ2;1;2;5;3;2;S;3;5,38;9;0;0;0;0;0;0;0;0;0
121;TBZ2;1;2;5;3;23;S;4;6,17;13;0;0;0;0;0;0;0;1;0
122;TBZ2;1;2;5;3;23;E1;2;7,5;7;0;0;0;0;0;0;0;0;0
123;TBZ2;1;2;5;3;2;S;4;11,6;11;0;0;0;0;0;0;0;0;0
124;TBZ2;1;2;5;3;2;S;4;17,14;17;0;0;0;0;0;0;0;0;0
125;TBZ2;1;2;5;3;2;S;4;10,31;12;0;0;0;1;0;0;0;1;0
126;TBZ2;1;2;5;3;2;S;4;11;13;0;0;0;0;0;0;0;0;0
127;TBZ2;1;2;5;3;2;S;4;24,72;17;0;0;0;0;0;0;0;0;0
128;TBZ2;1;2;5;3;2;E2;2;21,2;19;0;0;0;0;0;0;0;0;0
129;TBZ2;1;2;5;3;2;S;4;5,89;12;0;0;0;0;0;0;0;0;0
130;TBZ2;1;2;5;3;2;S;4;8,89;9;0;0;0;0;0;0;0;0;0
131;TBZ2;1;2;5;3;2;S;4;23,4;19;0;0;0;0;0;0;0;0;0
132;TBZ2;1;2;5;3;2;S;4;8,85;10;0;0;0;0;1;0;0;0;0
133;TBZ2;1;2;5;3;2;S;4;10,68;12;0;0;0;0;0;0;0;0;0
134;TBZ2;1;2;5;3;2;S;4;19,71;14;0;0;0;0;0;0;0;0;0
135;TBZ2;1;2;5;3;2;S;4;13,08;12;0;0;0;0;0;0;0;0;0
136;TBZ2;1;2;5;3;23;S;4;5,39;6;0;0;0;0;0;0;0;0;0
137;TBZ2;1;2;5;3;2;S;4;10,98;11;0;0;0;0;0;0;0;0;0
138;TBZ2;1;2;5;3;;;;;;;;;;;;;;
139;TBZ2;1;2;5;3;2;S;4;19,95;24;0;0;0;0;0;0;0;0;0
140;TBZ2;1;2;5;3;2;S;4;9,86;14;0;0;0;0;0;0;0;0;0
141;TBZ2;1;2;5;3;2;E1;4;9,85;10;0;0;0;0;0;1;0;1;0
142;TBZ2;1;2;5;3;2;S;3;27,4;20;0;0;0;0;0;0;0;0;0
142;TBZ2;1;2;5;3;2;E2;2;26,65;20;0;0;0;0;0;0;0;0;0
143;TBZ2;1;2;5;3;23;S;3;7,6;;0;0;0;0;0;0;0;0;0
144;TBZ2;1;2;5;3;2;S;4;8,61;10;0;0;0;0;0;0;0;0;0
145;TBZ2;1;2;5;3;2;E2;2;23,78;16;0;0;0;0;0;0;0;0;0
146;TBZ2;1;2;5;3;2;S;4;10,86;;0;0;0;1;0;0;0;0;0
147;TBZ2;1;2;5;3;2;S;4;9,85;14;0;0;0;0;0;0;0;0;0
148;TBZ2;1;2;5;3;2;E1;4;10,2;13;0;0;0;0;0;1;0;0;0
149;TBZ2;1;2;5;3;2;E1;4;9,05;8;0;0;0;0;0;1;0;1;0
150;TBZ2;1;2;5;3;2;S;4;23,01;12;0;0;0;0;0;0;0;0;0
151;TBZ2;1;2;5;3;2;S;4;18,65;17;0;0;0;0;0;0;0;1;0
152;TBZ2;1;2;5;3;2;S;4;10,8;9;0;0;0;0;0;0;0;0;0
153;TBZ2;1;2;5;3;2;E1;4;13,38;11;0;0;0;0;0;1;0;0;0
154;TBZ2;1;2;5;3;2;S;4;17,93;20;0;0;0;0;0;0;0;0;0
155;TBZ2;1;2;5;3;2;E1;4;15,78;13;0;0;0;0;0;0;0;0;0
156;TBZ2;1;2;5;3;2;E1;4;8,18;10;0;0;0;0;0;1;0;0;0
157;TBZ2;1;2;5;3;23;S;4;9,56;10;0;0;0;0;0;0;0;0;0
158;TBZ2;1;2;5;3;2;E1;4;10,38;14;0;0;0;0;0;1;0;0;0
159;TBZ2;1;2;5;3;23;S;4;8,89;11;0;0;0;0;0;0;0;0;0
160;TBZ2;1;2;5;3;23;S;4;7,21;10;0;0;0;0;0;0;0;0;0
161;TBZ2;1;2;5;3;2;S;2;21,92;14;0;0;0;0;0;0;0;0;0
162;TBZ2;1;2;5;3;2;E1;4;13,36;13;0;0;0;0;0;1;0;0;0
163;TBZ2;1;2;5;3;23;E1;3;6,57;6;0;0;0;0;0;0;0;0;0
164;TBZ2;1;2;5;3;2;E2;2;18,37;19;0;0;0;0;0;0;0;0;0
165;TBZ2;1;2;5;3;;;;;;;;;;;;;;
166;TBZ2;1;2;5;3;2;S;4;5,67;9;0;0;0;0;0;0;0;0;0
167;TBZ2;1;2;5;3;2;S;4;27,36;14;0;0;0;0;0;0;0;0;0
168;TBZ2;1;2;5;3;23;S;4;8,19;12;0;0;0;0;0;0;0;0;0
169;TBZ2;1;2;5;3;2;E1;4;11,19;14;0;0;0;0;0;1;0;0;0
170;TBZ2;1;2;5;3;2;E2;2;21,64;15;0;0;0;0;0;0;0;0;0
171;TBZ2;1;2;5;3;2;E2;2;23,5;22;0;0;0;0;0;0;0;0;0
172;TBZ2;1;2;5;3;23;S;4;10,48;11;0;0;0;0;0;0;0;0;0
173;TBZ2;1;2;5;3;2;S;4;21,81;15;0;0;0;0;0;0;0;0;0
174;TBZ2;1;2;5;3;23;S;3;6,41;7;0;0;0;0;0;0;0;0;0
175;TBZ2;1;2;5;3;23;E1;3;7,25;12;0;0;0;0;0;0;0;0;0
176;TBZ2;1;2;5;3;;;;;;;;;;;;;;
177;TBZ2;1;2;5;3;23;E1;3;7,83;9;0;0;0;0;0;0;0;0;0
178;TBZ2;1;2;5;3;23;S;4;8,14;13;0;0;0;0;0;0;0;0;0
179;TBZ2;1;2;5;3;2;S;4;11,32;13;0;0;0;0;0;0;0;1;0
180;TBZ2;1;2;5;3;2;S;4;6,99;7;0;0;0;0;0;0;0;0;0
181;TBZ2;1;2;5;3;2;E3;2;22,78;9;0;0;0;0;1;0;0;1;0
182;TBZ2;1;2;5;3;23;S;4;6,44;11;0;0;0;0;0;0;0;0;0
183;TBZ2;1;2;5;3;2;S;3;11,89;14;0;0;0;0;0;0;0;0;0
184;TBZ2;1;2;5;3;2;E2;2;18,76;;0;0;0;0;0;0;0;0;0
185;TBZ2;1;2;5;3;2;S;4;13,71;11;0;0;0;0;0;0;0;0;0
186;TBZ2;1;2;5;3;2;S;4;9,95;14;0;0;0;0;1;0;0;0;0
187;TBZ2;1;2;5;3;23;S;4;11,01;15;0;0;0;0;0;0;0;0;0
187;TBZ2;1;2;5;3;2;S;4;8,11;5;0;0;0;0;0;0;0;0;0
187;TBZ2;1;2;5;3;2;S;4;8,75;11;0;0;0;0;0;0;0;0;0
188;TBZ2;1;2;5;3;23;S;4;13,8;;0;0;0;0;0;0;0;0;0
188;TBZ2;1;2;5;3;23;S;4;13,93;14;0;0;0;0;0;0;0;0;0
189;TBZ2;1;2;5;3;2;S;4;21,55;14;0;0;0;0;0;0;0;0;0
190;TBZ2;1;2;5;3;2;E1;4;11,65;10;0;0;0;0;0;1;0;0;0
191;TBZ2;1;2;5;3;2;E1;4;12,98;12;0;0;0;0;0;1;0;0;0
192;TBZ2;1;2;5;3;2;E1;4;8,93;10;0;0;0;0;0;1;0;0;0
193;TBZ2;1;2;5;3;;;;;;;;;;;;;;
194;TBZ2;1;2;5;3;2;E2;2;26,49;19;0;0;0;0;0;0;0;0;0
194;TBZ2;1;2;5;3;2;E1;4;9,92;12;0;0;0;0;0;1;0;0;0
196;TBZ2;1;2;5;3;2;S;4;18,65;14;0;0;0;0;0;0;0;0;0
197;TBZ2;1;2;5;3;2;E2;2;12,68;11;0;0;0;0;0;0;0;0;0
197;TBZ2;1;2;5;3;;;;;;;;;;;;;;
198;TBZ2;1;2;5;3;23;C;1;7,52;9;0;0;0;0;0;0;0;0;0
199;TBZ2;1;2;5;3;2;E1;4;8,36;14;0;0;0;0;0;1;0;0;0
200;TBZ2;1;2;5;3;23;E2;2;17,93;17;0;0;0;0;0;0;0;0;0
201;TBZ2;1;2;5;3;2;E1;4;10,4;13;0;0;0;0;0;1;0;0;0
202;TBZ2;1;2;5;3;2;S;4;6,6;13;0;0;0;0;0;0;0;0;0
203;TBZ2;1;2;5;3;2;S;4;18,41;15;0;0;0;0;0;0;0;0;0
204;TBZ2;1;2;5;3;2;S;4;6,74;9;0;0;0;0;0;0;0;0;0
205;TBZ2;1;2;5;3;2;S;4;17,67;16;0;0;0;1;1;0;0;1;0
206;TBZ2;1;2;5;3;2;S;4;26,84;19;0;0;0;0;0;0;0;0;0
207;TBZ2;1;2;5;3;2;S;4;18,33;14;0;0;0;0;0;0;0;0;0
208;TBZ2;1;2;5;3;2;S;4;10,25;11;0;0;0;0;0;0;0;0;0
209;TBZ2;1;2;5;3;2;;2;24,23;16;0;0;0;0;0;0;0;0;0
210;TBZ2;1;2;5;3;2;S;4;8,47;9;0;0;0;0;0;0;0;0;0
211;TBZ2;1;2;5;3;23;E1;4;13,41;16;0;0;0;0;0;1;0;0;0
212;TBZ2;1;2;5;3;2;E2;2;22,24;15;0;0;0;0;0;0;0;0;0
213;TBZ2;1;2;5;3;2;S;4;6,53;11;0;0;0;0;0;0;0;0;0
213;TBZ2;1;2;5;3;2;S;4;7,97;10;0;0;0;0;0;0;0;0;0
214;TBZ2;1;2;5;3;2;S;4;15,82;11;0;0;0;1;0;0;0;0;0
215;TBZ2;1;2;5;3;2;S;4;10,97;11;0;0;0;0;0;0;0;0;0
216;TBZ2;1;2;5;3;2;S;4;10,69;12;0;0;0;0;0;0;0;0;0
217;TBZ2;1;2;5;3;2;S;4;10,13;11;0;0;0;0;0;0;0;1;0
218;TBZ2;1;2;5;3;2;S;3;23,36;12;0;0;0;0;0;0;0;0;0
219;TBZ2;1;2;5;3;2;E1;4;11,1;14;0;0;0;0;0;1;0;0;0
220;TBZ2;1;2;5;3;2;S;4;14,62;13;0;0;0;0;0;0;0;0;0
221;TBZ2;1;2;5;3;2;S;4;8,88;12;0;0;0;0;0;0;0;0;0
222;TBZ2;1;2;5;3;2;S;4;9,07;7;0;0;0;0;1;0;0;1;0
230;TBZ2;1;3;5;3;2;E1;3;10,67;6;0;0;0;0;0;1;0;1;0
230;TBZ2;1;3;5;3;2;E1;3;11,92;13;0;0;0;0;0;1;0;0;0
231;TBZ2;1;3;5;3;2;S;4;7,61;14;0;0;0;0;0;0;0;0;0
233;TBZ2;1;3;5;3;2;E1;4;7,51;13;0;0;0;0;0;1;0;0;0
234;TBZ2;1;3;5;3;23;S;4;5,58;;0;0;0;0;0;0;0;0;0
235;TBZ2;1;3;5;3;2;E1;4;12;10;0;0;0;0;0;1;0;0;0
236;TBZ2;1;3;5;3;2;E1;4;9,74;13;0;0;0;0;0;1;0;0;0
237;TBZ2;1;3;5;3;23;E1;4;10,75;11;0;0;0;0;0;1;0;0;0
238;TBZ2;1;3;5;3;2;E1;4;12,76;12;0;0;0;0;0;1;0;0;0
239;TBZ2;1;3;5;3;23;S;4;13,03;12;0;0;0;0;0;1;0;0;0
240;TBZ2;1;3;5;3;2;E1;4;9,91;12;0;0;0;0;0;1;0;0;0
242;TBZ2;1;3;5;3;2;S;4;13,45;11;0;0;0;0;0;0;0;1;0
244;TBZ2;1;3;5;3;2;S;5;27,65;30;0;0;0;0;0;0;0;0;0
246;TBZ2;1;3;5;3;2;E1;4;14,07;12;0;0;0;0;0;1;0;0;0
247;TBZ2;1;3;5;3;2;S;4;9,88;12;0;0;0;0;0;0;0;1;0
248;TBZ2;1;3;5;3;23;S;4;11,87;10;0;0;0;0;0;0;0;0;0
249;TBZ2;1;3;5;3;2;S;4;25,38;16;0;0;0;0;0;0;0;0;0
250;TBZ2;1;3;5;3;2;E1;4;12,42;13;0;0;0;0;0;1;0;0;0
255;TBZ2;1;3;5;3;2;S;4;19,3;15;0;0;0;0;0;0;0;0;0
255;TBZ2;1;3;5;3;2;E1;4;10,43;14;0;0;0;1;1;0;0;0;0
256;TBZ2;1;3;5;3;23;S;4;16,71;14;0;0;0;0;0;0;0;1;0
258;TBZ2;1;3;5;3;2;S;4;19,81;16;0;0;0;0;0;0;0;0;0
259;TBZ2;1;3;5;3;2;S;4;7,7;7;0;0;0;0;0;0;0;0;0
264;TBZ2;1;3;5;3;2;E1;4;10,8;10;0;0;0;0;0;1;0;0;0
265;TBZ2;1;3;5;3;23;S;4;13,69;10;0;0;0;0;0;0;0;1;0
265;TBZ2;1;3;5;3;2;S;4;24,25;24;0;0;0;0;0;0;0;0;0
266;TBZ2;1;3;5;3;2;E1;4;8,3;;0;0;0;0;0;1;0;0;0
268;TBZ2;1;3;5;3;23;S;4;10,7;11;0;0;0;0;0;0;0;0;0
270;TBZ2;1;3;5;3;2;E1;4;12,72;12;0;0;0;0;0;1;0;0;0
271;TBZ2;1;3;5;3;2;E1;4;13,94;11;0;0;0;0;0;1;0;1;0
272;TBZ2;1;3;5;3;2;E1;4;10,39;14;0;0;0;0;0;1;0;0;0
273;TBZ2;1;3;5;3;2;E1;4;11,79;12;0;0;0;0;0;1;0;0;0
275;TBZ2;1;3;5;3;2;S;4;9,48;11;0;0;0;0;0;0;0;0;0
276;TBZ2;1;3;5;3;23;S;4;7,28;10;0;0;0;0;0;0;0;0;0
277;TBZ2;1;3;5;3;23;E1;4;10,07;9;0;0;0;0;0;0;0;0;0
278;TBZ2;1;3;5;3;23;S;4;7,87;9;0;0;0;0;0;0;0;1;0
278;TBZ2;1;3;5;3;2;E1;4;12,58;14;0;0;0;0;0;1;0;0;0
279;TBZ2;1;3;5;3;2;S;4;22,32;15;0;0;0;0;0;0;0;0;0
281;TBZ2;1;3;5;3;23;S;4;14,65;;0;0;0;0;0;0;0;0;0
282;TBZ2;1;3;5;3;23;;4;;;0;0;0;0;1;0;0;0;0
283;TBZ2;1;3;5;3;23;S;4;8,63;11;0;0;0;0;0;0;0;0;0
285;TBZ2;1;3;5;3;2;S;4;10,22;12;0;0;0;0;0;0;0;1;0
287;TBZ2;1;3;5;3;2;S;4;10,79;10;0;0;0;1;0;0;0;0;0
288;TBZ2;1;3;5;3;2;S;4;27,39;20;0;0;0;0;0;0;0;0;0
289;TBZ2;1;3;5;3;23;C;2;5,14;10;0;0;0;0;0;0;0;0;0
290;TBZ2;1;3;5;3;2;S;4;21,48;15;0;0;0;0;0;0;0;1;0
292;TBZ2;1;3;5;3;2;E1;4;10,29;11;0;0;0;0;0;1;0;0;0
293;TBZ2;1;3;5;3;2;E1;4;12;11;0;0;0;0;0;1;0;0;0
294;TBZ2;1;3;5;3;23;E1;4;11,28;13;0;0;0;1;1;0;0;1;0
295;TBZ2;1;3;5;3;23;E2;2;26,32;16;0;0;0;0;0;0;0;0;0
296;TBZ2;1;3;5;3;23;S;4;10,33;11;0;0;0;0;0;0;0;0;0
297;TBZ2;1;3;5;3;2;S;4;18,9;13;0;0;0;0;0;0;0;1;0
298;TBZ2;1;3;5;3;23;S;3;7,24;9;0;0;0;0;0;0;0;1;0
299;TBZ2;1;3;5;3;23;E1;4;11,6;10;0;0;0;0;0;1;0;0;0
300;TBZ2;1;3;5;3;23;S;4;8,97;;0;0;0;0;0;0;0;0;0
301;TBZ2;1;3;5;3;2;E1;3;8,71;6;0;0;0;0;0;1;0;1;0
303;TBZ2;1;3;5;3;2;S;4;15,44;11;0;0;0;0;0;0;0;0;0
304;TBZ2;1;3;5;3;2;E1;4;10,5;;0;0;0;0;0;1;0;0;0
305;TBZ2;1;3;5;3;2;E1;4;11,71;12;0;0;0;0;0;1;0;0;0
306;TBZ2;1;3;5;3;2;E1;4;11,41;11;0;0;0;0;0;1;0;0;0
307;TBZ2;1;3;5;3;23;S;4;5,44;11;0;0;0;0;0;0;0;0;0
308;TBZ2;1;3;5;3;23;S;4;9,42;10;0;0;0;1;0;0;0;0;0
309;TBZ2;1;3;5;3;2;S;4;5,81;;0;0;0;0;0;0;0;0;0
310;TBZ2;1;3;5;3;2;E1;4;13,51;11;0;0;0;0;0;0;0;0;0
311;TBZ2;1;3;5;3;2;E1;4;10,6;12;0;0;0;0;0;1;0;0;0
312;TBZ2;1;3;5;3;23;S;4;9;10;0;0;0;0;0;0;0;0;0
314;TBZ2;1;3;5;3;23;S;4;17,78;10;0;0;0;0;0;0;0;0;0
315;TBZ2;1;3;5;3;2;E1;4;13,94;10;0;0;0;0;0;1;0;0;0
316;TBZ2;1;3;5;3;2;E1;4;17,11;11;0;0;0;0;0;1;0;0;0
317;TBZ2;1;3;5;3;2;E1;4;11,57;12;0;0;0;0;0;1;0;0;0
320;TBZ2;1;3;5;3;2;S;4;20,19;18;0;0;0;0;0;0;0;0;0
321;TBZ2;1;3;5;3;2;S;4;8,91;10;0;0;0;0;0;0;0;0;0
322;TBZ2;1;3;5;3;23;S;4;12,76;9;0;0;0;0;0;0;0;1;0
323;TBZ2;1;3;5;3;2;S;4;11,77;12;0;0;0;0;0;0;0;1;0
324;TBZ2;1;3;5;3;2;E1;4;7,53;6;0;0;0;0;0;1;0;0;0
327;TBZ2;1;3;5;3;23;S;3;11,47;11;0;0;0;0;0;1;0;0;0
328;TBZ2;1;3;5;3;2;E1;4;13,81;12;0;0;0;0;0;1;0;0;0
329;TBZ2;1;3;5;3;23;S;;11;11;0;0;0;0;0;0;0;0;0
330;TBZ2;1;3;5;3;23;S;4;7,93;11;0;0;0;0;0;0;0;0;0
331;TBZ2;1;3;5;3;23;S;4;9,79;9;0;0;0;0;0;0;0;0;0
332;TBZ2;1;3;5;3;23;S;4;10,22;;0;0;0;1;0;0;0;0;0
332;TBZ2;1;3;5;3;2;E1;4;8,66;;0;0;0;0;0;1;0;0;0
333;TBZ2;1;3;5;3;2;S;4;13,07;14;0;0;0;0;0;0;0;0;0
334;TBZ2;1;3;5;3;2;E1;4;7,94;7;0;0;0;0;0;1;0;0;0
335;TBZ2;1;3;5;3;23;E2;2;11,7;11;0;0;0;0;0;0;0;0;0
339;TBZ2;1;3;5;3;2;S;4;14,33;10;0;0;0;0;0;0;0;0;0
343;TBZ2;1;4;5;3;2;E1;4;11,86;13;0;0;0;0;0;1;0;0;0
344;TBZ2;1;4;5;3;23;S;4;11,29;8;0;0;0;0;0;0;0;1;0
345;TBZ2;1;4;5;3;2;E1;4;10,07;11;0;0;0;0;0;1;0;0;0
346;TBZ2;1;4;5;3;2;S;4;26,84;24;0;0;0;0;0;0;0;1;0
347;TBZ2;1;4;5;3;2;E1;4;12,11;12;0;0;0;0;0;1;0;0;0
348;TBZ2;1;4;5;3;23;E1;4;13,05;11;0;0;0;0;0;1;0;0;0
349;TBZ2;1;4;5;3;2;S;4;25,84;19;0;0;0;0;0;0;0;1;0
350;TBZ2;1;4;5;3;2;E1;4;8,83;11;0;0;0;1;1;0;0;0;0
351;TBZ2;1;4;5;3;2;E1;4;11,52;13;0;0;0;0;0;1;0;0;0
352;TBZ2;1;4;5;3;23;S;4;6,37;6;0;0;0;0;0;0;0;0;0
353;TBZ2;1;4;5;3;23;S;4;16,8;11;0;0;0;0;0;0;0;1;0
354;TBZ2;1;4;5;3;23;S;3;8,87;11;0;0;0;0;0;0;0;0;0
355;TBZ2;1;4;5;3;2;E1;4;12,89;11;0;0;0;0;0;1;0;0;0
356;TBZ2;1;4;5;3;23;S;4;8,51;8;0;0;0;0;0;0;0;0;0
357;TBZ2;1;4;5;3;2;E1;4;9,53;6;0;0;0;0;0;1;0;0;0
358;TBZ2;1;4;5;3;2;E1;4;8,59;9;0;0;0;0;0;1;0;0;0
359;TBZ2;1;4;5;3;23;S;4;10,06;11;0;0;0;1;0;0;0;0;0
360;TBZ2;1;4;5;3;2;E2;4;29,53;13;0;0;0;0;0;0;0;1;0
361;TBZ2;1;4;5;3;23;S;4;17,05;13;0;0;0;0;0;0;0;0;0
362;TBZ2;1;4;5;3;23;E1;4;17,08;11;0;0;0;0;0;1;0;0;0
363;TBZ2;1;4;5;3;2;E1;4;8,49;;0;0;0;0;0;1;0;0;0
364;TBZ2;1;4;5;3;2;E1;4;8,38;;0;0;0;0;0;1;0;0;0
365;TBZ2;1;4;5;3;23;C;2;4,9;9;0;0;0;0;0;0;0;0;0
366;TBZ2;1;4;5;3;23;S;4;6;;0;0;0;0;0;0;0;0;0
367;TBZ2;1;4;5;3;23;S;4;4,87;8;0;0;0;0;0;0;0;0;0
368;TBZ2;1;4;5;3;2;E1;4;8,41;10;0;0;0;0;0;1;0;0;0
369;TBZ2;1;4;5;3;2;E1;4;8,35;9;0;0;0;0;0;1;0;0;0
370;TBZ2;1;4;5;3;2;E1;4;9,94;8;0;0;0;0;0;1;0;0;0
371;TBZ2;1;4;5;3;23;S;4;21,64;12;0;0;0;0;0;0;0;0;0
372;TBZ2;1;4;5;3;2;E1;4;9,26;11;0;0;0;0;0;1;0;0;0
373;TBZ2;1;4;5;3;23;S;4;6,47;8;0;0;0;0;0;0;0;0;0
374;TBZ2;1;4;5;3;2;E1;4;8,43;11;0;0;0;0;1;0;0;0;0
375;TBZ2;1;4;5;3;2;S;4;26,04;20;0;0;0;0;0;0;0;0;0
376;TBZ2;1;4;5;3;2;E1;4;13,56;;0;0;0;0;0;1;0;0;0
377;TBZ2;1;4;5;3;23;S;4;11,45;6;0;0;0;0;0;0;0;1;0
378;TBZ2;1;4;5;3;23;S;4;10,51;8;0;0;0;0;0;1;0;0;0
379;TBZ2;1;4;5;3;23;S;4;8,81;7;0;0;0;0;0;1;0;1;0
380;TBZ2;1;5;5;3;23;E1;4;9,74;;0;0;0;0;0;0;0;0;0
381;TBZ2;1;5;5;3;2;S;4;30,2;19;0;0;0;0;0;0;0;1;0
382;TBZ2;1;5;5;3;23;S;4;14,22;11;0;0;0;0;0;0;0;0;0
383;TBZ2;1;5;5;3;2;S;4;24,04;16;0;0;0;0;0;0;0;0;0
383;TBZ2;1;5;5;3;2;S;4;25,22;19;0;0;0;0;0;0;0;0;0
384;TBZ2;1;5;5;3;23;E2;2;16,06;6;0;0;0;0;0;0;0;1;0
385;TBZ2;1;5;5;3;23;E1;2;7,58;6;0;0;0;0;0;0;0;0;0
386;TBZ2;1;5;5;3;2;E1;4;15,2;13;0;0;0;0;0;1;0;0;0
387;TBZ2;1;5;5;3;2;E1;4;10,99;15;0;0;0;0;0;1;0;1;0
388;TBZ2;1;5;5;3;23;E1;4;10,15;11;0;0;0;0;0;0;0;1;0
389;TBZ2;1;5;5;3;2;E3;2;28,58;18;0;0;0;0;0;0;0;1;0
390;TBZ2;1;5;5;3;23;E1;4;11,92;9;0;0;0;0;0;1;0;1;0
391;TBZ2;1;5;5;3;2;E1;4;10,49;10;0;0;0;0;0;1;0;1;0
392;TBZ2;1;5;5;3;2;S;4;30,46;16;0;0;0;0;0;0;0;0;0
393;TBZ2;1;5;5;3;23;E1;4;10,61;8;0;0;0;0;1;0;0;1;0
394;TBZ2;1;5;5;3;2;E1;4;10,2;11;0;0;0;0;0;1;0;0;0
395;TBZ2;1;5;5;3;2;S;4;29,97;17;0;0;0;0;0;0;0;0;0
396;TBZ2;1;5;5;3;2;E1;4;9,11;11;0;0;0;0;0;1;0;0;0
397;TBZ2;1;5;5;3;2;E1;4;10,33;13;0;0;0;0;0;1;0;0;0
398;TBZ2;1;5;5;3;2;S;4;18,98;9;0;0;0;0;0;0;0;0;0
399;TBZ2;1;5;5;3;23;E1;4;11,42;9;0;0;0;0;0;0;0;1;0
400;TBZ2;1;5;5;3;23;E1;2;5,19;9;0;0;0;0;0;0;0;0;0
401;TBZ2;1;5;5;3;2;E1;4;11,04;10;0;0;0;0;0;1;0;0;0
402;TBZ2;1;5;5;3;23;S;4;10,38;8;0;0;0;0;0;0;0;0;0
403;TBZ2;1;5;5;3;23;S;4;8,64;11;0;0;0;0;0;0;0;0;0
404;TBZ2;1;5;5;3;2;E1;4;7,96;;0;0;0;0;0;1;0;0;0
405;TBZ2;1;5;5;3;2;S;4;23,13;18;0;0;0;0;0;0;0;1;0
406;TBZ2;1;5;5;3;2;E1;4;13,72;12;0;0;0;0;0;1;0;0;0
407;TBZ2;1;5;5;3;23;S;4;17,29;11;0;0;0;0;0;0;0;0;0
408;TBZ2;1;5;5;3;23;E1;4;13,78;12;0;0;0;0;0;1;0;0;0
409;TBZ2;1;5;5;3;23;S;4;13,99;11;0;0;0;0;0;0;0;0;0
410;TBZ2;1;5;5;3;23;E2;2;15,25;10;0;0;0;0;0;0;0;1;0
411;TBZ2;1;5;5;3;2;E1;4;12,68;11;0;0;0;0;0;1;0;1;0
412;TBZ2;1;5;5;3;23;S;4;11,65;8;0;0;0;0;0;0;0;0;0
413;TBZ2;1;5;5;3;2;E2;2;22,13;12;0;0;0;0;0;0;0;1;0
413;TBZ2;1;5;5;3;23;E1;4;9,42;11;0;0;0;0;0;1;0;0;0
414;TBZ2;1;5;5;3;23;S;4;5,99;11;0;0;0;0;0;0;0;1;0
415;TBZ2;1;5;5;3;23;E1;4;11,43;13;0;0;0;0;0;1;0;0;0
416;TBZ2;1;5;5;3;2;E1;4;9,72;8;0;0;0;0;0;1;0;0;0
417;TBZ2;1;5;5;3;23;S;4;16,75;14;0;0;0;0;0;0;0;0;0
418;TBZ2;1;6;5;3;23;E1;4;9,68;13;0;0;0;0;0;0;0;0;0
419;TBZ2;1;6;5;3;23;E1;4;13,67;10;0;0;0;0;0;1;0;0;0
420;TBZ2;1;6;5;3;2;E2;4;27,42;17;0;0;0;0;0;0;0;0;0
421;TBZ2;1;6;5;3;2;E1;4;12,2;14;0;0;0;0;0;1;0;0;0
422;TBZ2;1;6;5;3;2;E1;4;11,39;11;0;0;0;0;0;1;0;1;0
423;TBZ2;1;6;5;3;2;E1;4;9,67;9;0;0;0;0;0;1;0;0;0
424;TBZ2;1;6;5;3;1;E1;4;10,92;11;0;0;0;0;0;1;0;0;0
425;TBZ2;1;6;5;3;2;E1;4;15,45;13;0;0;0;0;0;1;0;0;0
426;TBZ2;1;6;5;3;23;E1;4;13,81;14;0;0;0;0;0;1;0;0;0
427;TBZ2;1;6;5;3;23;E1;2;6,81;10;0;0;0;0;0;0;0;0;0
428;TBZ2;1;6;5;3;23;C;2;6,22;;0;0;0;0;0;0;0;0;0
429;TBZ2;1;6;5;3;2;S;4;24,71;19;0;0;0;0;0;0;0;0;0
430;TBZ2;1;6;5;3;23;S;4;19,68;15;0;0;0;0;0;0;0;0;0
431;TBZ2;1;6;5;3;2;E2;4;12,48;12;0;0;0;0;0;1;0;0;0
432;TBZ2;1;6;5;3;23;S;4;11,3;14;0;0;0;0;0;0;0;0;0
433;TBZ2;1;6;5;3;23;E1;4;10,34;9;0;0;0;0;0;1;0;0;0
434;TBZ2;1;6;5;3;2;E1;4;11,64;13;0;0;0;0;0;1;0;0;0
435;TBZ2;1;6;5;3;2;E1;4;10,83;8;0;0;0;0;0;1;0;0;0
436;TBZ2;1;6;5;3;2;S;4;24,17;17;0;0;0;0;0;0;0;1;0
437;TBZ2;1;6;5;3;2;E1;4;11,11;11;0;0;0;0;0;1;0;0;0
438;TBZ2;1;6;5;3;2;E2;2;27,91;12;0;0;0;0;0;0;0;0;0
439;TBZ2;1;6;5;3;23;E1;4;9,68;9;0;0;0;0;0;1;0;0;0
440;TBZ2;1;6;5;3;23;E1;4;15,33;11;0;0;0;0;0;1;0;0;0
441;TBZ2;1;6;5;3;2;E1;4;9,87;;0;0;0;0;0;1;0;0;0
442;TBZ2;1;6;5;3;2;E2;2;24,13;14;0;0;0;0;0;0;0;1;0
443;TBZ2;1;6;5;3;2;E1;4;11,23;11;0;0;0;0;0;1;0;1;0
444;TBZ2;1;6;5;3;2;E2;3;21,24;15;0;0;0;0;0;0;0;0;0
445;TBZ2;1;6;5;3;2;E1;4;11,82;11;0;0;0;0;0;1;0;1;0
446;TBZ2;1;6;5;3;23;E2;2;13;9;0;0;0;0;0;0;0;0;0
447;TBZ2;1;6;5;3;23;E2;2;14,6;9;0;0;0;0;0;0;0;0;0
448;TBZ2;1;6;5;3;23;E1;4;12,24;11;0;0;0;0;0;1;0;0;0
449;TBZ2;1;6;5;3;23;E1;4;12,4;8;0;0;0;0;0;1;0;0;0
450;TBZ2;1;6;5;3;2;E1;4;10,05;11;0;0;0;0;0;1;0;0;0
451;TBZ2;1;6;5;3;2;E1;4;11,95;14;0;0;0;0;0;1;0;0;0
452;TBZ2;1;6;5;3;2;E1;4;14,85;12;0;0;0;0;0;1;0;0;0
453;TBZ2;1;6;5;3;23;E1;2;6,91;10;0;0;0;0;0;0;0;0;0
454;TBZ2;1;6;5;3;23;S;3;14,93;8;0;0;0;0;0;0;0;0;0
455;TBZ2;1;6;5;3;23;S;3;13,49;12;0;0;0;0;0;0;0;0;0
456;TBZ2;1;6;5;3;23;E2;2;13,72;8;0;0;0;0;0;0;0;0;0
457;TBZ2;1;6;5;3;2;E1;4;9,84;11;0;0;0;0;0;1;0;0;0
458;TBZ2;1;6;5;3;2;S;4;26,3;18;0;0;0;0;0;0;0;0;0
460;TBZ2;1;6;5;3;23;C;2;6,2;10;0;0;0;0;0;0;0;0;0
461;TBZ2;1;6;5;3;23;E1;4;10,58;10;0;0;0;0;0;1;0;0;0
462;TBZ2;1;6;5;3;2;E1;4;14,31;12;0;0;0;0;0;1;0;0;0
463;TBZ2;1;6;5;3;2;E1;4;10,25;10;0;0;0;0;0;1;0;0;0
464;TBZ2;1;6;5;3;2;E1;4;9,8;10;0;0;0;0;0;1;0;0;0
465;TBZ2;1;6;5;3;2;E1;4;10,95;11;0;0;0;0;0;1;0;0;0
466;TBZ2;1;6;5;3;2;E1;4;6,02;8;0;0;0;0;0;0;0;0;0
467;TBZ2;1;6;5;3;23;E1;4;13,99;;0;0;0;0;0;0;0;0;0
468;TBZ2;1;6;5;3;23;E1;4;13,67;;0;0;0;0;0;1;0;0;0
469;TBZ2;1;6;5;3;23;C;2;6,08;9;0;0;0;0;0;0;0;0;0
470;TBZ2;1;6;5;3;23;S;3;14,49;11;0;0;0;0;0;0;0;0;0
471;TBZ2;1;6;5;3;2;E1;4;14,84;12;0;0;0;0;0;1;0;0;0
472;TBZ2;1;7;5;3;2;S;4;24,48;20;0;0;0;0;0;0;0;0;0
473;TBZ2;1;7;5;3;23;C;2;6,36;9;0;0;0;0;0;0;0;0;0
474;TBZ2;1;7;5;3;23;E1;4;12,59;12;0;0;0;0;0;1;0;0;0
475;TBZ2;1;7;5;3;2;E1;4;11,17;13;0;0;0;0;0;1;0;1;0
476;TBZ2;1;7;5;3;2;S;3;27,33;16;0;0;0;0;0;0;0;0;0
477;TBZ2;1;7;5;3;2;E1;4;10,25;13;0;0;0;0;0;1;0;0;0
478;TBZ2;1;7;5;3;2;S;3;31,9;18;0;0;0;0;0;0;0;1;0
479;TBZ2;1;7;5;3;23;S;3;12,14;12;0;0;0;0;0;0;0;1;0
480;TBZ2;1;7;5;3;23;E1;4;10,97;10;0;0;0;0;0;1;0;1;0
481;TBZ2;1;7;5;3;23;E1;9;8,35;9;0;0;0;0;0;0;0;0;0
482;TBZ2;1;7;5;3;23;E2;2;15,3;8;0;0;0;0;0;0;0;0;0
483;TBZ2;1;7;5;3;2;E1;4;11,01;12;0;0;0;0;0;1;0;0;0
484;TBZ2;1;7;5;3;23;S;4;8,34;8;0;0;0;0;0;0;0;0;0
485;TBZ2;1;7;5;3;2;S;3;5,06;6;0;0;0;0;0;0;0;0;0
486;TBZ2;1;7;5;3;2;E2;2;24,97;16;0;0;0;0;0;0;0;0;0
487;TBZ2;1;7;5;3;23;S;4;8,75;12;0;0;0;0;0;0;0;0;0
488;TBZ2;1;7;5;3;2;E1;4;11,31;10;0;0;0;0;0;1;0;0;0
489;TBZ2;1;7;5;3;23;C;3;8,06;11;0;0;0;0;0;0;0;0;0
490;TBZ2;1;8;5;3;2;E1;4;11,45;12;0;0;0;0;0;1;0;0;0
491;TBZ2;1;8;5;3;23;E3;2;18,71;10;0;0;0;0;0;0;0;0;0
492;TBZ2;1;8;5;3;2;E1;4;11;9;0;0;0;0;0;1;0;0;0
493;TBZ2;1;8;5;3;2;E1;4;11,93;14;0;0;0;0;0;1;0;0;0
494;TBZ2;1;8;5;3;23;E1;4;9,86;9;0;0;0;0;0;0;0;0;0
495;TBZ2;1;8;5;3;23;E1;2;8,47;7;0;0;0;0;0;0;0;0;0
496;TBZ2;1;8;5;3;2;E1;4;8,18;13;0;0;0;0;0;1;0;0;0
497;TBZ2;1;8;5;3;2;E1;4;10,37;10;0;0;0;0;0;1;0;0;0
498;TBZ2;1;8;5;3;2;S;4;24,02;18;0;0;0;0;0;0;0;0;0
499;TBZ2;1;8;5;3;23;E1;4;10,79;11;0;0;0;0;0;0;0;0;0
500;TBZ2;1;8;5;3;23;E2;2;15,07;8;0;0;0;0;0;0;0;0;0
501;TBZ2;1;8;5;3;23;E1;4;18,73;12;0;0;0;0;0;1;0;0;0
502;TBZ2;1;8;5;3;23;E1;4;10,85;14;0;0;0;0;0;1;0;1;0
503;TBZ2;1;8;5;3;2;S;4;26,36;13;0;0;0;0;0;0;0;0;0
504;TBZ2;1;8;5;3;2;S;4;19,67;14;0;0;0;0;0;0;0;0;0
506;TBZ2;1;8;5;3;23;E1;4;9,45;5;0;0;0;0;0;0;0;0;0
507;TBZ2;1;8;5;3;2;E1;4;14;14;0;0;0;0;0;1;0;0;0
508;TBZ2;1;8;5;3;23;S;4;7,84;11;0;0;0;0;0;0;0;0;0
509;TBZ2;1;8;5;3;2;E1;4;14,89;14;0;0;0;0;0;1;0;0;0
510;TBZ2;1;8;5;3;2;E1;4;10,13;11;0;0;0;0;0;1;0;0;0
511;TBZ2;1;8;5;3;23;S;4;30,04;17;0;0;0;0;0;0;0;0;0
512;TBZ2;1;8;5;3;23;S;4;14,05;10;0;0;0;0;0;0;0;0;0
513;TBZ2;1;8;5;3;23;E2;2;12,49;11;0;0;0;0;0;0;0;0;0
514;TBZ2;1;8;5;3;2;E2;2;29,11;20;0;0;0;0;0;0;0;1;0
515;TBZ2;1;8;5;3;23;E2;4;7,2;16;0;0;0;0;0;0;0;0;0
516;TBZ2;1;8;5;3;2;S;4;26,37;21;0;0;0;0;1;0;0;0;0
517;TBZ2;1;8;5;3;2;E1;4;10,4;10;0;0;0;0;0;1;0;0;0
518;TBZ2;1;8;5;3;2;E1;4;9,35;10;0;0;0;0;0;1;0;0;0
519;TBZ2;1;8;5;3;2;E2;2;28,43;18;0;0;0;0;0;0;0;0;0
520;TBZ2;1;8;5;3;2;E1;4;10,89;15;0;0;0;0;0;1;0;0;0
521;TBZ2;1;8;5;3;23;E1;4;10,48;11;0;0;0;0;0;0;0;0;0
522;TBZ2;1;8;5;3;2;E2;2;28,22;20;0;0;0;0;0;0;0;0;0
523;TBZ2;1;8;5;3;1;E1;4;12,63;12;0;0;0;0;0;1;0;0;0
524;TBZ2;1;8;5;3;2;S;4;29,62;16;0;0;0;0;0;0;0;0;0
525;TBZ2;1;8;5;3;2;E1;4;11,96;12;0;0;0;0;0;1;0;0;0
526;TBZ2;1;8;5;3;2;E1;4;12,22;11;0;0;0;0;0;1;0;0;0
527;TBZ2;1;8;5;3;2;E1;4;10,52;11;0;0;0;0;0;1;0;0;0
528;TBZ2;1;8;5;3;23;E2;2;11,59;8;0;0;0;0;0;0;0;0;0
529;TBZ2;1;8;5;3;2;E1;4;10,81;11;0;0;0;0;0;1;0;0;0
530;TBZ2;1;8;5;3;2;E1;4;8,81;6;0;0;0;0;0;1;0;0;0
531;TBZ2;1;8;5;3;2;E1;4;12,87;13;0;0;0;0;0;1;0;0;0
532;TBZ2;1;8;5;3;23;E1;4;12,64;12;0;0;0;0;0;1;0;0;0
533;TBZ2;1;8;5;3;23;E1;4;12,29;12;0;0;0;0;0;1;0;0;0
534;TBZ2;1;8;5;3;2;E1;4;14,33;14;0;0;0;0;0;1;0;0;0
535;TBZ2;1;8;5;3;2;E2;2;30,96;20;0;0;0;0;1;0;0;0;0
536;TBZ2;1;8;5;3;2;S;4;28,99;18;0;0;0;0;1;0;0;0;0
537;TBZ2;1;8;5;3;2;S;4;22,48;11;0;0;0;0;1;0;0;0;0
538;TBZ2;1;8;5;3;23;E1;4;11,11;12;0;0;0;0;0;0;0;0;0
539;TBZ2;1;8;5;3;23;E2;2;15,55;9;0;0;0;0;0;0;0;0;0
540;TBZ2;1;8;5;3;2;E1;4;10,58;9;0;0;0;0;0;1;0;0;0
541;TBZ2;1;8;5;3;2;E1;4;16,05;11;0;0;0;0;0;1;0;0;0
542;TBZ2;1;8;5;3;2;S;4;6,46;9;0;0;0;0;0;0;0;0;0
543;TBZ2;1;8;5;3;23;E1;4;15,84;10;0;0;0;0;0;1;0;0;0
544;TBZ2;1;8;5;3;1;E1;4;9,78;11;0;0;0;0;0;1;0;0;0
545;TBZ2;1;8;5;3;2;E1;4;12,33;9;0;0;0;0;0;1;0;0;0
546;TBZ2;1;8;5;3;23;S;4;15,32;11;0;0;0;0;0;0;0;0;0
547;TBZ2;1;8;5;3;23;S;4;18,14;10;0;0;0;0;0;0;0;0;0
548;TBZ2;1;8;5;3;2;E1;4;9,23;10;0;0;0;0;0;1;0;0;0
549;TBZ2;1;9;5;3;2;S;4;27,15;19;0;0;0;0;0;0;0;0;0
550;TBZ2;1;9;5;3;23;S;4;16,41;16;0;0;0;0;0;0;0;0;0
551;TBZ2;1;9;5;3;23;S;4;15,87;14;0;0;0;0;0;0;0;1;0
552;TBZ2;1;9;5;3;23;S;4;7,69;12;0;0;0;0;0;0;0;0;0
553;TBZ2;1;9;5;3;2;S;4;20,86;12;0;0;0;0;0;0;0;0;0
554;TBZ2;1;9;5;3;2;E1;4;12,15;11;0;0;0;0;0;1;0;0;0
555;TBZ2;1;9;5;3;23;E1;4;7,23;10;0;0;0;0;0;1;0;1;0
556;TBZ2;1;9;5;3;2;E1;4;12,22;12;0;0;0;0;0;1;0;0;0
557;TBZ2;1;9;5;3;23;E2;2;14,41;14;0;0;0;1;0;0;0;0;0
558;TBZ2;1;9;5;3;2;E1;4;11,36;11;0;0;0;0;0;1;0;0;0
559;TBZ2;1;9;5;3;2;E1;4;11,37;10;0;0;0;0;0;1;0;0;0
560;TBZ2;1;9;5;3;2;E1;4;12,57;12;0;0;0;0;0;1;0;0;0
561;TBZ2;1;9;5;3;2;S;4;29,01;18;0;0;0;0;0;0;0;0;0
562;TBZ2;1;9;5;3;2;E1;4;11,33;14;0;0;0;0;0;1;0;0;0
563;TBZ2;1;9;5;3;2;E1;4;16,28;15;0;0;0;0;0;1;0;0;0
564;TBZ2;1;9;5;3;23;E1;4;9,93;13;0;0;0;0;0;1;0;1;0
565;TBZ2;1;9;5;3;2;S;4;23,84;16;0;0;0;0;1;0;0;0;0
566;TBZ2;1;9;5;3;2;S;4;21,73;18;0;0;0;0;0;0;0;0;0
567;TBZ2;1;9;5;3;23;S;4;13,33;12;0;0;0;0;0;0;0;0;0
568;TBZ2;1;9;5;3;2;S;4;27,05;18;0;0;0;0;1;0;0;0;0
569;TBZ2;1;9;5;3;2;E2;2;30,34;11;0;0;0;0;1;0;0;0;0
570;TBZ2;1;9;5;3;2;S;4;25,63;21;0;0;0;0;0;0;0;0;0
571;TBZ2;1;9;5;3;2;E1;4;10,84;14;0;0;0;0;0;1;0;0;0
572;TBZ2;1;9;5;3;2;S;4;9,14;11;0;0;0;0;0;0;0;0;0
573;TBZ2;1;9;5;3;2;E2;2;25,32;20;0;0;0;0;0;0;0;0;0
574;TBZ2;1;9;5;3;2;S;4;6,15;9;0;0;0;0;0;0;0;0;0
575;TBZ2;1;9;5;3;23;S;4;15,44;9;0;0;0;0;0;0;0;0;0
576;TBZ2;1;10;5;3;23;S;2;6,31;6;0;0;0;0;0;0;0;0;0
577;TBZ2;1;10;5;3;23;S;4;7,41;12;0;0;0;0;0;0;0;0;0
578;TBZ2;1;10;5;3;23;S;4;6,72;14;0;0;0;0;0;0;0;0;0
579;TBZ2;1;10;5;3;2;E1;4;12,52;15;0;0;0;0;0;1;0;0;0
580;TBZ2;1;10;5;3;2;E1;4;9,7;11;0;0;0;0;0;1;0;0;0
581;TBZ2;1;10;5;3;2;E1;4;13,89;12;0;0;0;0;0;1;0;1;0
582;TBZ2;1;10;5;3;2;E2;2;30,79;18;0;0;0;0;0;0;0;1;0
583;TBZ2;1;10;5;3;23;S;4;18,15;11;0;0;0;0;0;0;0;0;0
584;TBZ2;1;10;5;3;23;E1;4;10,96;13;0;0;0;0;0;1;0;1;0
585;TBZ2;1;10;5;3;23;S;4;6,85;11;0;0;0;0;0;0;0;0;0
586;TBZ2;1;10;5;3;2;C;2;6,75;7;0;0;0;0;0;0;0;1;0
587;TBZ2;1;10;5;3;2;E1;4;11,72;12;0;0;0;0;0;1;0;0;0
588;TBZ2;1;10;5;3;2;S;4;25,08;15;0;0;0;0;1;0;0;0;0
589;TBZ2;1;10;5;3;2;S;4;15,55;15;0;0;0;0;0;0;0;0;0
590;TBZ2;1;10;5;3;2;E1;4;11,56;13;0;0;0;0;0;1;0;0;0
591;TBZ2;1;10;5;3;2;E1;4;10,87;12;0;0;0;0;0;1;0;1;0
592;TBZ2;1;10;5;3;2;E1;4;10,78;11;0;0;0;0;0;1;0;0;0
594;TBZ2;1;10;5;3;2;E1;4;9,54;12;0;0;0;0;0;1;0;0;0
595;TBZ2;1;10;5;3;23;E1;4;13,09;11;0;0;0;0;0;1;0;0;0
596;TBZ2;1;10;5;3;2;E1;4;7,27;10;0;0;0;0;0;1;0;0;0
597;TBZ2;1;10;5;3;1;E1;4;12,97;12;0;0;0;0;0;1;0;0;0
598;TBZ2;1;10;5;3;2;S;4;22,67;20;0;0;0;0;1;0;0;0;0
599;TBZ2;1;10;5;3;2;E1;4;11,66;10;0;0;0;0;0;1;0;0;0
600;TBZ2;1;10;5;3;2;E1;4;11,25;13;0;0;0;0;0;1;0;0;0
601;TBZ2;1;10;5;3;2;E1;4;11,22;10;0;0;0;0;0;1;0;0;0
602;TBZ2;1;10;5;3;2;E1;4;12,95;12;0;0;0;0;0;1;0;0;0
603;TBZ2;1;10;5;3;2;S;4;28,67;20;0;0;0;0;0;0;0;1;0
604;TBZ2;1;10;5;3;2;E1;4;9,05;10;0;0;0;0;0;1;0;0;0
605;TBZ2;1;10;5;3;2;E1;4;10,21;15;0;0;0;0;0;1;0;1;0
606;TBZ2;1;10;5;3;2;E1;4;11,11;9;0;0;0;0;0;1;0;0;0
607;TBZ2;1;10;5;3;23;E1;2;6,87;7;0;0;0;0;0;0;0;0;0
608;TBZ2;1;10;5;3;23;S;4;15,65;11;0;0;0;0;0;0;0;0;0
609;TBZ2;1;10;5;3;2;E1;4;11,38;12;0;0;0;0;0;1;0;1;0
610;TBZ2;1;10;5;3;2;E1;4;11,54;10;0;0;0;0;0;1;0;0;0
611;TBZ2;1;10;5;3;1;E1;4;10,9;14;0;0;0;0;0;1;0;1;0
612;TBZ2;1;10;5;3;23;S;4;12,84;11;0;0;0;0;0;0;0;0;0
613;TBZ2;1;10;5;3;2;E1;4;9,67;11;0;0;0;0;0;1;0;1;0
614;TBZ2;1;10;5;3;2;E1;4;14,3;13;0;0;0;0;0;1;0;0;0
615;TBZ2;1;10;5;3;23;E1;4;7,77;11;0;0;0;0;0;1;0;1;0
616;TBZ2;1;10;5;3;23;C;2;5,35;9;0;0;0;0;0;1;0;0;0
617;TBZ2;1;10;5;3;23;E2;2;13,33;10;0;0;0;0;0;0;0;0;0
618;TBZ2;1;10;5;3;2;C;2;5,26;9;0;0;0;0;0;0;0;1;0
619;TBZ2;1;10;5;3;23;S;4;7,03;11;0;0;0;0;0;0;0;0;0
620;TBZ2;1;10;5;3;2;E1;4;12,56;10;0;0;0;0;0;1;0;0;0
621;TBZ2;1;10;5;3;2;S;4;17,43;17;0;0;0;0;0;0;0;1;0
622;TBZ2;1;10;5;3;23;E1;4;11,31;;0;0;0;0;0;1;0;0;0
623;TBZ2;1;10;5;3;23;S;4;9,72;10;0;0;0;0;0;0;0;0;0
624;TBZ2;1;10;5;3;2;E1;4;10,69;12;0;0;0;0;0;1;0;0;0
625;TBZ2;1;10;5;3;2;E1;4;12,65;11;0;0;0;0;0;1;0;0;0
626;TBZ2;1;10;5;3;2;E1;4;10,45;11;0;0;0;0;0;1;0;0;0
627;TBZ2;1;10;5;3;2;E1;4;11,05;13;0;0;0;0;0;1;0;0;0
628;TBZ2;1;10;5;3;23;S;4;4,9;8;0;0;0;0;0;0;0;0;0
629;TBZ2;1;10;5;3;23;E1;4;10,95;10;0;0;0;0;0;1;0;0;0
630;TBZ2;1;10;5;3;1;E1;4;10,63;14;0;0;0;0;0;1;0;0;0
631;TBZ2;1;10;5;3;2;E1;4;10,75;12;0;0;0;0;0;1;0;0;0
632;TBZ2;1;10;5;3;23;S;4;7,48;8;0;0;0;0;0;0;0;0;0
633;TBZ2;1;10;5;3;23;S;4;14,99;10;0;0;0;0;0;0;0;1;0
634;TBZ2;1;11;5;3;2;S;4;22,79;16;0;0;0;0;1;0;0;0;0
635;TBZ2;1;11;5;3;2;E1;4;12,36;11;0;0;0;0;0;1;0;1;0
636;TBZ2;1;11;5;3;2;E1;4;14,44;14;0;0;0;0;0;1;0;0;0
637;TBZ2;1;11;5;3;2;E1;4;10,88;11;0;0;0;0;0;1;0;0;0
638;TBZ2;1;11;5;3;2;E1;4;11,08;12;0;0;0;0;0;1;0;0;0
639;TBZ2;1;11;5;3;2;S;4;26,62;18;0;0;0;0;0;0;0;0;0
640;TBZ2;1;11;5;3;2;E1;4;13,6;14;0;0;0;0;0;1;0;0;0
641;TBZ2;1;11;5;3;2;E1;4;11,47;10;0;0;0;0;0;1;0;1;0
642;TBZ2;1;11;5;3;2;E1;4;13,43;15;0;0;0;0;0;1;0;0;0
643;TBZ2;1;11;5;3;23;S;4;18,03;14;0;0;0;0;0;0;0;0;0
644;TBZ2;1;11;5;3;2;S;4;25,15;16;0;0;0;0;1;0;0;0;0
645;TBZ2;1;11;5;3;2;S;4;23,56;19;0;0;0;0;1;0;0;1;0
646;TBZ2;1;11;5;3;23;S;4;7,14;9;0;0;0;0;0;0;0;0;0
647;TBZ2;1;11;5;3;2;S;4;36,28;25;0;0;0;0;1;0;0;0;0
649;TBZ2;1;11;5;3;2;E1;4;11,01;14;0;0;0;0;0;1;0;0;0
650;TBZ2;1;11;5;3;2;E1;4;13;20;0;0;0;0;0;1;0;1;0
651;TBZ2;1;11;5;3;2;E1;4;16,91;12;0;0;0;0;0;1;0;1;0
652;TBZ2;1;11;5;3;2;S;4;21,6;15;0;0;0;0;1;0;0;1;0
653;TBZ2;1;11;5;3;2;S;4;13,24;16;0;0;0;0;0;0;0;0;0
654;TBZ2;1;11;5;3;23;S;4;9,03;11;0;0;0;0;0;0;0;0;0
655;TBZ2;1;11;5;3;2;E1;4;11,14;16;0;0;0;0;0;1;0;0;0
656;TBZ2;1;11;5;3;23;E1;4;14,89;12;0;0;0;0;0;1;0;0;0
657;TBZ2;1;11;5;3;1;E1;4;11,31;12;0;0;0;0;0;1;0;0;0
658;TBZ2;1;11;5;3;2;E1;4;9,05;8;0;0;0;0;0;1;0;0;0
659;TBZ2;1;11;5;3;23;S;4;16,87;15;0;0;0;0;0;0;0;0;0
660;TBZ2;1;11;5;3;23;S;4;16,06;15;0;0;0;0;0;0;0;0;0
661;TBZ2;1;11;5;3;23;S;3;8,44;15;0;0;0;0;0;0;0;0;0
662;TBZ2;1;11;5;3;2;E1;4;11,03;13;0;0;0;0;0;1;0;1;0
663;TBZ2;1;11;5;3;2;S;4;17,75;12;0;0;0;0;0;0;0;0;0
664;TBZ2;1;11;5;3;2;S;4;17,34;10;0;0;0;0;0;0;0;0;0
665;TBZ2;1;11;5;3;2;E1;4;14,31;12;0;0;0;0;0;1;0;0;0
666;TBZ2;1;11;5;3;2;E1;4;9,52;13;0;0;0;0;0;1;0;1;0
667;TBZ2;1;12;5;3;23;S;4;6,07;6;0;0;0;0;0;0;0;0;0
668;TBZ2;1;12;5;3;23;E2;2;13,46;9;0;0;0;0;0;0;0;0;0
669;TBZ2;1;12;5;3;2;E1;4;13,93;14;0;0;0;0;0;1;0;1;0
670;TBZ2;1;12;5;3;2;S;4;22,23;18;0;0;0;0;1;0;0;1;0
671;TBZ2;1;12;5;3;2;E1;4;11,23;14;0;0;0;0;0;1;0;1;0
672;TBZ2;1;12;5;3;2;E1;4;9,8;12;0;0;0;0;0;1;0;0;0
673;TBZ2;1;12;5;3;2;C;3;5,82;7;0;0;0;0;0;0;0;1;0
674;TBZ2;1;12;5;3;2;S;4;21,75;18;0;0;0;0;0;0;0;0;0
675;TBZ2;1;12;5;3;23;C;2;6,01;9;0;0;0;0;0;0;0;0;0
676;TBZ2;1;12;5;3;23;E1;4;10,39;10;0;0;0;0;0;1;0;0;0
677;TBZ2;1;12;5;3;23;E1;4;9,41;11;0;0;0;0;0;1;0;1;0
678;TBZ2;1;12;5;3;23;E1;4;12,08;14;0;0;0;0;0;1;0;0;0
679;TBZ2;1;12;5;3;23;E1;4;10,1;13;0;0;0;0;0;1;0;1;0
680;TBZ2;1;12;5;3;2;E1;4;10,16;13;0;0;0;0;0;1;0;0;0
681;TBZ2;1;12;5;3;23;E1;4;8,08;11;0;0;0;0;0;1;0;1;0
682;TBZ2;1;12;5;3;2;S;4;24,89;18;0;0;0;0;1;0;0;0;0
683;TBZ2;1;12;5;3;23;S;4;18,82;12;0;0;0;0;0;0;0;0;0
684;TBZ2;1;12;5;3;2;E1;4;10,57;13;0;0;0;0;0;1;0;1;0
685;TBZ2;1;12;5;3;23;E1;4;9,3;8;0;0;0;0;0;1;0;1;0
686;TBZ2;1;12;5;3;23;S;4;14,25;14;0;0;0;0;0;0;0;0;0
687;TBZ2;1;12;5;3;2;E1;4;10,06;10;0;0;0;0;0;1;0;0;0
688;TBZ2;1;12;5;3;23;E1;4;13,95;16;0;0;0;0;0;1;0;1;0
689;TBZ2;1;12;5;3;2;E1;4;11,61;8;0;0;0;0;0;1;0;0;0
690;TBZ2;1;12;5;3;23;S;4;15,32;16;0;0;0;0;0;0;0;0;0
691;TBZ2;1;12;5;3;2;S;4;29,59;18;0;0;0;0;1;0;0;0;0
692;TBZ2;1;12;5;3;23;S;4;17,23;12;0;0;0;0;0;0;0;0;0
693;TBZ2;1;12;5;3;2;E1;4;11,91;12;0;0;0;0;0;1;0;1;0
694;TBZ2;1;12;5;3;23;S;4;15,15;12;0;0;0;0;0;0;0;0;0
695;TBZ2;1;12;5;3;23;S;4;14,1;12;0;0;0;0;0;0;0;0;0
696;TBZ2;1;12;5;3;2;E1;4;9,19;12;0;0;0;0;0;1;0;0;0
697;TBZ2;1;12;5;3;2;E1;4;12,6;15;0;0;0;0;0;1;0;1;0
698;TBZ2;1;12;5;3;2;S;4;14,8;14;0;0;0;0;0;0;0;0;0
699;TBZ2;1;12;5;3;2;S;4;22,16;15;0;0;0;0;0;0;0;0;0
700;TBZ2;1;13;5;3;2;E1;4;10,5;13;0;0;0;0;0;1;0;0;0
701;TBZ2;1;13;5;3;2;S;4;11,95;14;0;0;0;0;0;0;0;1;0
702;TBZ2;1;13;5;3;2;E1;4;10,8;14;0;0;0;0;0;1;0;0;0
703;TBZ2;1;13;5;3;2;S;4;22,95;19;0;0;0;0;1;0;0;0;0
704;TBZ2;1;13;5;3;23;S;4;6,1;9;0;0;0;0;0;0;0;0;0
705;TBZ2;1;13;5;3;2;E1;4;12,68;12;0;0;0;0;0;1;0;0;0
706;TBZ2;1;13;5;3;23;S;4;6,4;12;0;0;0;0;0;0;0;0;0
707;TBZ2;1;13;5;3;2;E1;4;15,48;14;0;0;0;0;0;1;0;0;0
708;TBZ2;1;13;5;3;2;E1;4;11,85;13;0;0;0;0;0;1;0;0;0
709;TBZ2;1;13;5;3;2;E1;4;7,95;8;0;0;0;0;0;1;0;0;0
710;TBZ2;1;13;5;3;2;E1;4;10,75;11;0;0;0;0;0;1;0;1;0
711;TBZ2;1;13;5;3;2;S;4;25,06;16;0;0;0;0;1;0;0;0;0
712;TBZ2;1;13;5;3;2;E1;4;13,97;14;0;0;0;0;0;1;0;1;0
713;TBZ2;1;13;5;3;2;S;4;20,21;14;0;0;0;0;1;0;0;0;0
713;TBZ2;1;13;5;3;2;E1;4;9,99;10;0;0;0;0;0;1;0;0;0
714;TBZ2;1;13;5;3;2;E1;4;12,68;14;0;0;0;0;0;1;0;0;0
715;TBZ2;1;13;5;3;2;S;4;22,91;18;0;0;0;0;1;0;0;0;0
716;TBZ2;1;13;5;3;23;S;4;9,29;15;0;0;0;0;0;0;0;0;0
717;TBZ2;1;13;5;3;2;S;4;30,82;14;0;0;0;0;0;0;0;0;0
718;TBZ2;1;13;5;3;23;S;4;18,83;;0;0;0;0;0;0;0;0;0
719;TBZ2;1;13;5;3;23;E1;2;6,92;10;0;0;0;0;0;0;0;0;0
720;TBZ2;1;13;5;3;2;S;4;28,8;15;0;0;0;0;0;0;0;1;0
721;TBZ2;1;13;5;3;2;S;4;20,66;18;0;0;0;0;1;0;0;0;0
722;TBZ2;1;13;5;3;2;S;4;20,75;18;0;0;0;0;1;0;0;1;0
723;TBZ2;1;13;5;3;2;E1;4;9,65;8;0;0;0;0;0;1;0;0;0
724;TBZ2;1;13;5;3;2;E1;4;11,49;14;0;0;0;0;0;1;0;1;0
725;TBZ2;1;13;5;3;2;S;5;15,84;;0;0;0;0;0;0;0;0;0
726;TBZ2;1;13;5;3;2;S;4;26,48;15;0;0;0;0;1;0;0;0;0
727;TBZ2;1;13;5;3;2;E1;4;12,27;10;0;0;0;0;0;1;0;0;0
728;TBZ2;1;13;5;3;2;E1;4;12,39;14;0;0;0;0;0;1;0;1;0
729;TBZ2;1;13;5;3;2;E1;4;13,49;15;0;0;0;0;0;1;0;1;0
730;TBZ2;1;13;5;3;2;E1;4;9,58;10;0;0;0;0;0;1;0;1;0
731;TBZ2;1;13;5;3;2;E1;4;9,93;;0;0;0;0;0;1;0;1;0
732;TBZ2;1;13;5;3;2;S;4;26,19;17;0;0;0;0;1;0;0;0;0
733;TBZ2;1;13;5;3;2;S;5;36,55;;0;0;0;0;0;0;0;0;0
734;TBZ2;1;13;5;3;23;E2;2;15,71;8;0;0;0;0;0;0;0;0;0
735;TBZ2;1;13;5;3;23;E2;2;11,43;5;0;0;0;0;0;0;0;1;0
736;TBZ2;1;13;5;3;23;S;4;16,81;15;0;0;0;0;0;0;0;1;0
737;TBZ2;1;13;5;3;2;E1;4;9,81;10;0;0;0;0;0;1;0;0;0
738;TBZ2;1;13;5;3;2;E1;4;13,34;12;0;0;0;0;0;1;0;0;0
739;TBZ2;1;13;5;3;2;S;4;14,62;11;0;0;0;0;0;0;0;0;0
740;TBZ2;1;13;5;3;23;E2;2;17,65;9;0;0;0;0;1;0;0;0;0
741;TBZ2;1;13;5;3;2;S;4;22,08;18;0;0;0;0;1;0;0;1;0
742;TBZ2;1;13;5;3;23;S;4;19,04;12;0;0;0;0;0;0;0;0;0
743;TBZ2;1;13;5;3;2;E1;4;10,36;11;0;0;0;0;0;1;0;1;0
744;TBZ2;1;13;5;3;2;S;4;21,6;;0;0;0;0;1;0;0;1;0
745;TBZ2;1;13;5;3;2;S;4;12,05;17;0;0;0;0;0;0;0;0;0
746;TBZ2;1;13;5;3;2;E1;4;10,86;13;0;0;0;0;0;1;0;0;0
747;TBZ2;1;13;5;3;2;S;4;22,37;12;0;0;0;0;0;0;0;0;0
748;TBZ2;1;13;5;3;2;S;4;21,95;13;0;0;0;0;1;0;0;0;0
749;TBZ2;1;13;5;3;2;E1;4;9,35;10;0;0;0;0;0;1;0;0;0
750;TBZ2;1;13;5;3;23;C;3;6,29;8;0;0;0;0;0;0;0;0;0
751;TBZ2;1;13;5;3;23;S;4;11,3;9;0;0;0;0;0;0;0;0;0
752;TBZ2;1;13;5;3;23;C;2;7,2;5;0;0;0;0;0;0;0;0;0
753;TBZ2;1;13;5;3;2;S;4;24,78;19;0;0;0;0;1;0;0;0;0
754;TBZ2;1;13;5;3;2;S;4;21,06;17;0;0;0;0;0;0;0;1;0
755;TBZ2;1;13;5;3;2;S;4;15,99;15;0;0;0;0;0;0;0;0;0
756;TBZ2;1;13;5;3;2;E1;4;9,65;11;0;0;0;0;0;1;0;0;0
757;TBZ2;1;14;4;3;2;S;4;26,22;20;0;0;0;0;1;0;0;0;0
758;TBZ2;1;14;4;3;2;S;4;12,71;20;0;0;0;0;0;0;0;0;0
759;TBZ2;1;14;4;3;2;E1;4;11,06;16;0;0;0;0;0;1;0;1;0
760;TBZ2;1;14;4;3;2;S;4;19,68;13;0;0;0;0;0;0;0;0;0
761;TBZ2;1;14;4;3;23;S;2;5,7;8;0;0;0;0;0;0;0;0;0
762;TBZ2;1;14;4;3;23;S;4;6,98;9;0;0;0;0;0;0;0;0;0
763;TBZ2;1;14;4;3;23;S;4;15,17;13;0;0;0;0;0;0;0;0;0
764;TBZ2;1;14;4;3;1;E1;4;14,34;11;0;0;0;0;0;1;0;0;0
765;TBZ2;1;14;4;3;2;E2;2;14,62;9;0;0;0;0;0;0;0;0;0
766;TBZ2;1;14;4;3;2;E1;4;12,4;14;0;0;0;0;0;1;0;0;0
767;TBZ2;1;14;4;3;2;E1;4;12,3;;0;0;0;0;0;1;0;0;0
768;TBZ2;1;14;4;3;2;E2;2;22,45;13;0;0;0;0;1;0;0;0;0
769;TBZ2;1;14;4;3;23;C;2;6,12;10;0;0;0;0;0;0;0;0;0
770;TBZ2;1;14;4;3;2;S;4;22,11;20;0;0;0;0;1;0;0;0;0
771;TBZ2;1;14;4;3;2;S;4;21,11;20;0;0;0;0;1;0;0;0;0
772;TBZ2;1;14;4;3;2;S;2;13,2;8;0;0;0;0;0;0;0;0;0
773;TBZ2;1;14;4;3;2;E1;4;10,49;11;0;0;0;0;0;1;0;0;0
774;TBZ2;1;14;4;3;2;E1;4;7,98;10;0;0;0;0;0;1;0;0;0
775;TBZ2;1;14;4;3;2;S;4;20,88;;0;0;0;0;1;0;0;1;0
776;TBZ2;1;14;4;3;2;S;4;21,03;17;0;0;0;0;0;0;0;0;0
777;TBZ2;1;14;4;3;2;E1;2;5,84;8;0;0;0;0;0;0;0;0;0
778;TBZ2;1;14;4;3;2;E1;4;11,86;7;0;0;0;0;0;1;0;0;0
779;TBZ2;1;14;4;3;2;S;4;27,33;19;0;0;0;0;1;0;0;0;1
780;TBZ2;1;14;4;3;23;E2;4;14,34;6;0;0;0;0;0;0;0;0;0
781;TBZ2;1;14;4;3;2;S;4;12,13;9;0;0;0;0;0;0;0;0;0
782;TBZ2;1;14;4;3;23;S;4;6,66;11;0;0;0;0;0;0;0;0;0
783;TBZ2;1;14;4;3;2;S;4;24,05;9;0;0;0;0;1;0;0;0;0
784;TBZ2;1;14;4;3;2;E1;4;12,15;13;0;0;0;0;0;1;0;0;0
785;TBZ2;1;14;4;3;2;S;4;10,86;12;0;0;0;0;0;0;0;0;0
786;TBZ2;1;14;4;3;23;S;2;5,91;5;0;0;0;0;0;0;0;0;0
787;TBZ2;1;14;4;3;23;S;3;7,67;11;0;0;0;0;0;0;0;0;0
788;TBZ2;1;14;4;3;2;S;4;14,53;11;0;0;0;0;0;0;0;0;0
789;TBZ2;1;14;4;3;23;S;2;5,58;6;0;0;0;0;0;0;0;0;0
790;TBZ2;1;14;4;3;23;S;4;16,95;;0;0;0;0;1;0;0;0;0
791;TBZ2;1;14;4;3;2;S;2;5,36;10;0;0;0;0;0;0;0;0;0
792;TBZ2;1;14;4;3;2;E1;2;5,47;;0;0;0;0;0;0;0;1;0
793;TBZ2;1;14;4;3;2;E1;4;10,55;8;0;0;0;0;0;1;0;1;0
794;TBZ2;1;14;4;3;2;S;3;19,42;17;0;0;0;0;0;0;0;1;0
795;TBZ2;1;14;4;3;2;S;4;22,95;12;0;0;0;0;1;0;0;1;0
796;TBZ2;1;14;4;3;2;E1;4;15,09;11;0;0;0;0;0;1;0;0;0
797;TBZ2;1;14;4;3;2;E1;4;11,71;11;0;0;0;0;0;1;0;0;0
798;TBZ2;1;14;4;3;23;S;4;15,83;13;0;0;0;0;0;0;0;0;0
799;TBZ2;1;14;4;3;2;E1;4;10,84;;0;0;0;0;0;1;0;0;0
800;TBZ2;1;14;4;3;23;S;4;20,68;10;0;0;0;0;1;0;0;0;0
801;TBZ2;1;14;4;3;2;S;4;16,87;12;0;0;0;0;0;0;0;0;0
802;TBZ2;1;14;4;3;2;S;5;37,68;;0;0;0;0;0;0;0;0;0
803;TBZ2;1;14;4;3;2;E1;4;10,05;11;0;0;0;0;0;1;0;0;0
804;TBZ2;1;14;4;3;23;S;2;12,87;7;0;0;0;0;0;0;0;0;0
805;TBZ2;1;14;4;3;2;S;4;16,02;;0;0;0;0;0;0;0;0;0
806;TBZ2;1;14;4;3;2;E1;4;10,86;15;0;0;0;0;0;1;0;1;0
807;TBZ2;1;14;4;3;2;E1;4;12,01;12;0;0;0;1;1;0;0;1;0
808;TBZ2;1;14;4;3;2;E1;4;9,1;12;0;0;0;0;0;1;0;0;0
809;TBZ2;1;14;4;3;2;E1;4;11,22;10;0;0;0;0;0;1;0;1;0
810;TBZ2;1;14;4;3;2;E1;4;11,96;11;0;0;0;0;0;1;0;0;0
811;TBZ2;1;14;4;3;2;E1;4;11,6;13;0;0;0;0;0;1;0;0;0
812;TBZ2;1;14;4;3;2;E1;4;10,6;11;0;0;0;0;0;1;0;0;0
813;TBZ2;1;14;4;3;2;S;4;27,54;12;0;0;0;0;1;0;0;0;0
814;TBZ2;1;14;4;3;2;S;4;21,2;14;0;0;0;0;1;0;0;0;0
815;TBZ2;1;14;4;3;2;S;4;14,54;14;0;0;0;0;0;0;0;0;0
816;TBZ2;1;14;4;3;2;S;4;24,58;14;0;0;0;0;0;1;0;1;0
817;TBZ2;1;14;4;3;23;S;4;18,02;9;0;0;0;0;0;0;0;0;0
818;TBZ2;1;14;4;3;2;E1;4;11,83;11;0;0;0;0;0;1;0;1;0
819;TBZ2;1;14;4;3;2;S;5;37,47;;0;0;0;0;0;0;0;0;0
820;TBZ2;1;14;4;3;2;S;4;27,99;;0;0;0;0;1;0;0;0;0
821;TBZ2;1;14;4;3;2;S;4;21,91;;0;0;0;0;1;0;0;1;0
822;TBZ2;1;14;4;3;2;E1;4;10,92;;0;0;0;0;0;1;0;1;0
823;TBZ2;1;14;4;3;23;S;4;7,73;14;0;0;0;0;0;0;0;0;0
824;TBZ2;1;14;4;3;2;S;4;18,39;11;0;0;0;0;0;0;0;0;0
825;TBZ2;1;14;4;3;2;E1;4;10,64;;0;0;0;0;0;1;0;0;0
826;TBZ2;1;14;4;3;23;S;4;8,48;13;0;0;0;0;0;0;0;0;0
827;TBZ2;1;14;4;3;2;E1;4;14,55;;0;0;0;0;0;1;0;1;0
828;TBZ2;1;14;4;3;23;E2;2;14,39;7;0;0;0;0;0;0;0;0;0
829;TBZ2;1;14;4;3;23;E1;2;6,93;5;0;0;0;0;0;0;0;0;0
830;TBZ2;1;14;4;3;2;S;4;17,9;13;0;0;0;0;0;0;0;1;0
831;TBZ2;1;14;4;3;2;E1;4;10,19;;0;0;0;0;0;1;0;1;0
832;TBZ2;1;14;4;3;2;E1;4;11,26;15;0;0;0;0;1;0;0;0;0
833;TBZ2;1;14;4;3;2;E1;4;12,19;;0;0;0;0;0;1;0;1;0
834;TBZ2;1;14;4;3;23;S;4;13,88;9;0;0;0;0;0;0;0;0;0
835;TBZ2;1;14;4;3;23;S;4;13,06;;0;0;0;1;0;0;0;0;0
836;TBZ2;1;15;4;3;2;E1;4;13,32;14;0;0;0;0;0;1;0;1;0
837;TBZ2;1;15;4;3;2;S;4;19,66;;0;0;0;0;0;0;0;1;0
838;TBZ2;1;15;4;3;2;E1;4;12,82;12;0;0;0;0;0;1;0;1;0
839;TBZ2;1;15;4;3;2;S;4;10,99;15;0;0;0;0;0;1;0;1;0
840;TBZ2;1;15;4;3;2;E1;4;13,62;12;0;0;0;0;0;1;0;0;0
841;TBZ2;1;15;4;3;2;S;5;40,05;;0;0;0;0;0;0;0;0;0
842;TBZ2;1;15;4;3;2;E2;2;16,67;8;0;0;0;0;0;0;0;0;0
843;TBZ2;1;15;4;3;2;E1;4;13,03;14;0;0;0;0;0;1;0;0;0
844;TBZ2;1;15;4;3;2;S;5;29,7;22;0;0;0;0;1;0;0;0;0
845;TBZ2;1;15;4;3;2;E1;4;11,33;13;0;0;0;0;0;1;0;0;0
846;TBZ2;1;15;4;3;2;E1;4;12,85;14;0;0;0;0;0;1;0;0;0
847;TBZ2;1;15;4;3;2;E2;2;26,67;10;0;0;0;0;1;0;0;0;0
848;TBZ2;1;15;4;3;2;S;4;19,17;18;0;0;0;0;1;0;0;0;0
849;TBZ2;1;15;4;3;2;E1;4;13,27;11;0;0;0;0;0;1;0;0;0
850;TBZ2;1;15;4;3;2;E1;4;11,07;14;0;0;0;0;0;1;0;1;0
851;TBZ2;1;15;4;3;2;S;4;21,02;11;0;0;0;0;1;0;0;1;0
852;TBZ2;1;15;4;3;2;E2;2;17,82;;0;0;0;0;0;0;0;0;0
853;TBZ2;1;15;4;3;2;S;4;19,12;;0;0;0;0;0;0;0;0;0
854;TBZ2;1;16;4;3;2;S;4;22;16;0;0;0;0;1;0;0;0;0
855;TBZ2;1;16;4;3;2;E1;3;9,11;11;0;0;0;0;0;0;0;0;0
856;TBZ2;1;16;4;3;23;C;2;7,24;7;0;0;0;0;0;0;0;0;0
857;TBZ2;1;16;4;3;2;E2;2;21,27;10;0;0;0;0;0;0;0;0;0
858;TBZ2;1;16;4;3;2;E1;4;9,91;10;0;0;0;1;0;0;0;0;0
859;TBZ2;1;16;4;3;2;S;4;21,22;;0;0;0;0;1;0;0;0;0
860;TBZ2;1;16;4;3;2;E2;2;19,43;9;0;0;0;0;1;0;0;0;0
861;TBZ2;1;16;4;3;2;S;4;22,64;17;0;0;0;0;1;0;0;0;0
862;TBZ2;1;16;4;3;2;E1;4;13,14;11;0;0;0;0;0;1;0;0;0
863;TBZ2;1;16;4;3;2;E1;4;10,65;15;0;0;0;0;0;1;0;0;0
864;TBZ2;1;16;4;3;2;E1;4;9,88;10;0;0;0;0;0;1;0;0;0
865;TBZ2;1;16;4;3;2;S;3;35,57;;0;0;0;0;0;0;0;0;0
866;TBZ2;1;16;4;3;2;E2;2;21,31;12;0;0;0;0;1;0;0;1;0
867;TBZ2;1;16;4;3;2;E1;4;13,51;14;0;0;0;0;0;1;0;0;0
868;TBZ2;1;16;4;3;2;E1;4;11,46;11;0;0;0;0;0;1;0;0;0
869;TBZ2;1;16;4;3;2;S;4;18,22;11;0;0;0;0;0;0;0;1;0
870;TBZ2;1;16;4;3;2;E2;2;18,61;9;0;0;0;1;0;0;0;0;0
871;TBZ2;1;16;4;3;2;E1;4;13,11;14;0;0;0;0;0;1;0;1;0
872;TBZ2;1;16;4;3;2;E1;4;12,24;;0;0;0;0;0;1;0;1;0
873;TBZ2;1;16;4;3;2;S;3;6,99;7;0;0;0;0;0;0;0;0;0
874;TBZ2;1;16;4;3;1;E1;4;14,64;14;0;0;0;0;0;1;0;1;0
875;TBZ2;1;16;4;3;1;S;4;11,37;14;0;0;0;0;0;0;0;0;0
876;TBZ2;1;16;4;3;2;E1;4;11,1;;0;0;0;0;0;0;0;1;0
877;TBZ2;1;16;4;3;2;E1;4;14,1;11;0;0;0;0;0;1;0;1;0
878;TBZ2;1;16;4;3;2;E1;4;11,9;10;0;0;0;0;0;1;0;0;0
879;TBZ2;1;16;4;3;2;S;4;23,62;14;0;0;0;0;0;0;0;1;0
880;TBZ2;1;16;4;3;2;E1;4;13,76;15;0;0;0;0;0;1;0;0;0
881;TBZ2;1;16;4;3;2;E1;4;10,42;;0;0;0;0;0;1;0;1;0
882;TBZ2;1;16;4;3;2;E1;4;13,1;10;0;0;0;0;0;1;0;0;0
883;TBZ2;1;16;4;3;2;E2;2;24,56;;0;0;0;0;0;0;0;0;0
884;TBZ2;1;16;4;3;2;S;2;8,22;5;0;0;0;0;0;0;0;0;0
885;TBZ2;4;1;4;3;23;S;4;14,79;10;0;0;0;0;0;0;0;0;0
886;TBZ2;4;1;4;3;2;S;4;22,11;14;0;0;0;0;1;0;0;0;0
887;TBZ2;4;1;4;3;2;S;4;20,27;12;0;0;0;0;1;0;0;0;0
888;TBZ2;4;1;4;3;2;S;5;38,46;;0;0;0;0;0;0;0;0;0
889;TBZ2;4;1;4;3;2;S;4;26,81;15;0;0;0;0;0;0;0;0;0
890;TBZ2;4;1;4;3;2;E2;2;13,65;;0;0;0;0;0;0;0;0;0
891;TBZ2;4;1;4;3;2;E1;4;8,89;10;0;0;0;0;0;0;0;0;0
892;TBZ2;4;1;4;3;2;E1;4;8,75;9;0;0;0;0;0;1;0;0;0
893;TBZ2;4;1;4;3;2;E1;4;9,64;14;0;0;0;0;0;1;0;0;0
894;TBZ2;4;1;4;3;2;E1;4;8,11;10;0;0;0;0;0;1;0;0;0
895;TBZ2;4;1;4;3;2;S;4;14,38;10;0;0;0;0;0;0;0;0;0
896;TBZ2;4;1;4;3;2;S;4;18,92;11;0;0;0;0;0;0;0;0;0
897;TBZ2;4;1;4;3;23;E1;4;5,55;6;0;0;0;0;0;0;0;0;0
898;TBZ2;4;1;4;3;23;S;4;5,68;5;0;0;0;0;0;0;0;0;0
899;TBZ2;4;1;4;3;2;E1;4;9,47;;0;0;0;0;0;1;0;0;0
900;TBZ2;4;1;4;3;2;E1;4;9,14;12;0;0;0;0;0;1;0;0;0
901;TBZ2;4;1;4;3;2;S;4;22,6;;0;0;0;0;0;0;0;0;0
902;TBZ2;4;1;4;3;2;E1;4;12,2;;0;0;0;0;0;1;0;0;0
903;TBZ2;4;1;4;3;23;S;4;15,24;10;0;0;0;0;0;0;0;0;0
904;TBZ2;4;1;4;3;2;E1;4;11;;0;0;0;0;0;1;0;0;0
905;TBZ2;4;1;4;3;23;S;4;14,32;11;0;0;0;0;0;0;0;0;0
906;TBZ2;4;1;4;3;2;E1;4;8,7;;0;0;0;0;0;1;0;0;0
907;TBZ2;4;1;4;3;2;S;4;25,51;;0;0;0;0;0;0;0;0;0
908;TBZ2;4;1;4;3;2;S;4;16,07;;0;0;0;0;0;0;0;0;0
909;TBZ2;4;1;4;3;2;S;4;24,02;;0;0;0;0;1;0;0;0;0
910;TBZ2;4;1;4;3;23;S;4;6,82;;0;0;0;0;0;0;0;0;0
911;TBZ2;4;2;4;3;2;E1;4;11,5;14;0;0;0;0;0;1;0;0;0
912;TBZ2;4;2;4;3;2;C;2;5,41;4;0;0;0;0;0;0;0;0;0
913;TBZ2;4;2;4;3;2;E1;4;10,17;14;0;0;0;0;0;1;0;0;0
914;TBZ2;4;2;4;3;2;E1;4;10,71;12;0;0;0;0;0;1;0;0;0
915;TBZ2;4;2;4;3;2;E1;4;10,97;12;0;0;0;0;0;1;0;0;0
916;TBZ2;4;2;4;3;2;E1;4;11,13;15;0;0;0;0;0;1;0;1;0
917;TBZ2;4;2;4;3;2;E1;4;11,76;11;0;0;0;0;0;1;0;0;0
918;TBZ2;4;2;4;3;2;E1;4;11,67;13;0;0;0;0;0;1;0;0;0
919;TBZ2;4;2;4;3;2;S;4;13,99;11;0;0;0;0;0;0;0;0;0
920;TBZ2;4;2;4;3;2;S;4;24,67;16;0;0;0;0;1;0;0;0;0
921;TBZ2;4;2;4;3;2;E1;4;11,18;;0;0;0;0;0;1;0;0;0
922;TBZ2;4;3;4;3;23;C;2;5,18;4;0;0;0;0;0;0;0;0;0
923;TBZ2;4;3;4;3;2;C;2;5,43;;0;0;0;0;0;0;0;0;0
924;TBZ2;4;3;4;3;2;S;4;27,34;15;0;0;0;0;0;0;0;0;0
925;TBZ2;4;3;4;3;23;S;4;14,01;12;0;0;0;0;0;0;0;0;0
926;TBZ2;4;3;4;3;2;S;4;15,58;12;0;0;0;0;0;0;0;1;0
927;TBZ2;4;3;4;3;2;E1;4;10,78;;0;0;0;0;0;1;0;0;0
928;TBZ2;4;3;4;3;23;S;4;15,58;12;0;0;0;0;0;0;0;0;0
929;TBZ2;4;3;4;3;23;S;4;15,65;10;0;0;0;0;0;0;0;0;0
930;TBZ2;4;3;4;3;2;S;4;7,81;14;0;0;0;0;0;0;0;0;0
931;TBZ2;4;3;4;3;2;E1;4;15,54;15;0;0;0;0;0;1;0;0;0
932;TBZ2;4;3;4;3;2;S;4;26,97;15;0;0;0;0;1;0;0;0;0
933;TBZ2;4;3;4;3;2;E1;4;6,92;;0;0;0;0;0;1;0;0;0
934;TBZ2;4;3;4;3;23;E2;2;13,14;7;0;0;0;0;0;0;0;0;0
935;TBZ2;4;3;4;3;2;E1;4;12,33;13;0;0;0;0;0;1;0;0;0
936;TBZ2;4;3;4;3;2;S;4;12,89;14;0;0;0;0;1;0;0;0;0
937;TBZ2;4;3;4;3;2;E1;4;12,29;14;0;0;0;0;0;1;0;0;0
938;TBZ2;4;3;4;3;2;E1;4;13,14;13;0;0;0;0;0;1;0;0;0
939;TBZ2;4;3;4;3;23;E2;2;15,33;10;0;0;0;0;0;0;0;0;0
940;TBZ2;4;3;4;3;23;E2;2;15,58;10;0;0;0;1;0;0;0;0;0
941;TBZ2;4;3;4;3;23;E2;2;15,97;10;0;0;0;0;0;0;0;0;0
942;TBZ2;4;3;4;3;2;S;4;23,58;16;0;0;0;0;0;0;0;1;0
943;TBZ2;4;3;4;3;2;S;4;13,65;13;0;0;0;0;0;0;0;0;0
944;TBZ2;4;3;4;3;23;S;4;15,1;10;0;0;0;0;0;0;0;0;0
945;TBZ2;4;3;4;3;2;E1;4;11,52;14;0;0;0;0;0;1;0;0;0
946;TBZ2;4;3;4;3;2;S;4;21,39;;0;0;0;0;1;0;0;0;0
947;TBZ2;4;3;4;3;2;S;4;23,23;16;0;0;0;0;0;0;0;0;0
948;TBZ2;4;3;4;3;23;E1;4;8,58;4;0;0;0;0;0;0;0;0;0
949;TBZ2;4;3;4;3;2;E1;4;12,74;17;0;0;0;0;0;1;0;0;0
950;TBZ2;4;3;4;3;23;E2;2;14,95;10;0;0;0;0;1;0;0;0;0
951;TBZ2;4;3;4;3;23;E2;2;14,93;10;0;0;0;0;0;0;0;1;0
952;TBZ2;4;3;4;3;2;S;4;30;;0;0;0;0;1;0;0;0;0
953;TBZ2;4;3;4;3;23;S;4;19;;0;0;0;0;0;0;0;1;0
954;TBZ2;4;3;4;3;2;E1;4;10,28;;0;0;0;0;0;1;0;0;0
955;TBZ2;4;3;4;3;23;E2;3;17,71;;0;0;0;0;0;0;0;0;0
956;TBZ2;4;4;4;3;2;S;3;8,87;12;0;0;0;0;0;0;0;0;0
957;TBZ2;4;4;4;3;2;E1;4;14,3;18;0;0;0;0;0;1;0;0;0
958;TBZ2;4;4;4;3;2;S;4;23,12;15;0;0;0;0;1;0;0;1;0
959;TBZ2;4;4;4;3;2;E1;4;10,34;13;0;0;0;0;0;1;0;0;0
960;TBZ2;4;4;4;3;23;S;2;6,95;9;0;0;0;0;0;0;0;0;0
961;TBZ2;4;4;4;3;2;E1;4;14,17;15;0;0;0;0;0;1;0;0;0
962;TBZ2;4;4;4;3;2;E1;4;10,41;10;0;0;0;0;0;1;0;0;0
963;TBZ2;4;4;4;3;2;E1;4;11,14;17;0;0;0;0;0;1;0;0;0
964;TBZ2;4;4;4;3;2;E1;4;9,75;10;0;0;0;0;0;1;0;0;0
965;TBZ2;4;4;4;3;23;E2;2;13,52;10;0;0;0;0;0;0;0;0;0
966;TBZ2;4;4;4;3;2;S;2;24,35;14;0;0;0;0;1;0;0;0;0
967;TBZ2;4;4;4;3;2;S;4;21,74;;0;0;0;0;1;0;0;0;0
968;TBZ2;4;4;4;3;2;S;4;24,5;;0;0;0;0;1;0;0;0;0
969;TBZ2;4;4;4;3;2;S;4;20,37;;0;0;0;0;1;0;0;0;0
970;TBZ2;4;4;4;3;2;E1;4;14,17;;0;0;0;0;0;1;0;0;0
971;TBZ2;4;4;4;3;2;E1;4;10,46;12;0;0;0;0;0;1;0;0;0
972;TBZ2;4;4;4;3;2;E1;4;12,01;;0;0;0;0;0;1;0;0;0
973;TBZ2;4;4;4;3;2;E1;4;9,63;12;0;0;0;0;0;1;0;0;0
974;TBZ1;8;1;4;3;2;E1;4;11,33;14;0;0;0;0;0;1;0;0;0
975;TBZ1;8;1;4;3;23;E1;4;10,84;13;0;0;0;0;0;1;0;0;0
976;TBZ1;8;1;4;3;2;E1;4;12,61;13;0;0;0;0;0;1;0;0;0
977;TBZ1;8;1;4;3;23;S;4;7,77;12;0;0;0;0;0;0;0;0;0
978;TBZ1;8;1;4;3;2;S;4;27,33;10;0;0;0;0;0;0;0;0;0
979;TBZ1;8;1;4;3;2;S;4;25,03;12;0;0;0;0;1;0;0;0;0
980;TBZ1;8;1;4;3;23;S;4;16,05;9;0;0;0;0;0;0;0;0;0
981;TBZ1;8;1;4;3;23;S;2;5,9;5;0;0;0;0;0;0;0;0;0
982;TBZ1;8;1;4;3;2;S;4;12,38;;0;0;0;0;0;0;0;0;0
983;TBZ1;8;1;4;3;23;E1;4;12,97;10;0;0;0;0;0;0;0;0;0
984;TBZ1;8;1;4;3;23;S;4;15,63;;0;0;0;0;0;0;0;0;0
985;TBZ1;8;1;4;3;2;S;4;29,53;12;0;0;0;0;0;0;0;0;0
986;TBZ1;8;1;4;3;23;E2;2;13,99;9;0;0;0;0;0;0;0;0;0
987;TBZ1;8;1;4;3;2;S;5;36,81;;0;0;0;0;0;0;0;0;0
988;TBZ1;8;1;4;3;23;E2;2;14,28;9;0;0;0;0;0;0;0;0;0
989;TBZ1;8;1;4;3;23;C;2;6,3;9;0;0;0;0;0;0;0;0;0
990;TBZ1;8;1;4;3;23;S;4;13,22;11;0;0;0;0;0;0;0;1;0
991;TBZ1;8;1;4;3;2;S;4;18,21;11;0;0;0;0;0;0;0;0;0
992;TBZ1;8;1;4;3;23;E2;2;13,13;8;0;0;0;0;0;0;0;0;0
993;TBZ1;8;1;4;3;23;E1;4;12,46;10;0;0;0;0;0;1;0;0;0
994;TBZ1;8;1;4;3;2;S;5;38,27;;0;0;0;0;0;0;0;0;0
995;TBZ1;8;1;4;3;23;E1;4;13,13;;0;0;0;0;0;0;0;0;0
996;TBZ1;8;1;4;3;23;S;4;16,67;10;0;0;0;0;0;0;0;0;0
997;TBZ1;8;1;4;3;23;C;2;5,08;5;0;0;0;0;0;0;0;0;0
998;TBZ1;8;1;4;3;23;S;4;7,33;14;0;0;0;0;0;0;0;0;0
999;TBZ1;8;1;4;3;2;E1;4;11,8;15;0;0;0;0;0;1;0;0;0
1000;TBZ1;8;1;4;3;23;E1;4;12,38;9;0;0;0;0;0;0;0;0;0
1001;TBZ1;8;1;4;3;2;E1;4;15,31;13;0;0;0;0;0;1;0;0;0
1002;TBZ1;8;1;4;3;2;E1;4;13,63;11;0;0;0;0;0;1;0;0;0
1003;TBZ1;8;1;4;3;23;S;4;7,3;10;0;0;0;0;0;0;0;0;0
1004;TBZ1;8;1;4;3;2;E1;4;11,12;;0;0;0;0;0;1;0;0;0
1005;TBZ1;8;1;4;3;23;S;3;18,15;12;0;0;0;0;0;0;0;0;0
1006;TBZ1;8;1;4;3;2;E1;4;12,88;12;0;0;0;0;0;1;0;0;0
1007;TBZ1;8;1;4;3;2;E1;4;11,02;;0;0;0;0;0;1;0;0;0
1008;TBZ1;8;1;4;3;2;E1;4;9,53;;0;0;0;0;0;1;0;0;0
1009;TBZ1;8;1;4;3;23;C;2;6,76;7;0;0;0;0;0;0;0;0;0
1010;TBZ1;8;1;4;3;23;E2;2;14,54;11;0;0;0;0;0;0;0;0;0
1011;TBZ1;8;1;4;3;23;C;2;5,89;5;0;0;0;0;0;0;0;0;0
1012;TBZ1;8;1;4;3;2;E1;4;9,2;7;0;0;0;0;0;1;0;0;0
1013;TBZ1;8;1;4;3;2;C;2;5,67;4;0;0;0;0;0;0;0;0;0
1014;TBZ1;8;1;4;3;2;S;4;18,2;;0;0;0;0;0;0;0;0;0
1015;TBZ1;8;1;4;3;23;E2;2;14,55;9;0;0;0;0;0;0;0;0;0
1016;TBZ1;8;1;4;3;23;S;3;8,91;11;0;0;0;0;0;0;0;0;0
1017;TBZ1;8;1;4;3;23;S;4;17,69;11;0;0;0;0;0;0;0;0;0
1018;TBZ1;8;1;4;3;23;S;4;17,57;11;0;0;0;0;0;0;0;0;0
1020;TBZ1;8;2;4;3;2;S;4;20,81;12;0;0;0;0;1;0;0;0;0
1021;TBZ1;8;2;4;3;23;E2;2;13,57;9;0;0;0;0;0;0;0;0;0
1022;TBZ1;8;2;4;3;2;S;4;16,89;;0;0;0;0;0;0;0;0;0
1023;TBZ1;8;2;4;3;2;S;4;28,07;15;0;0;0;0;1;0;0;0;0
1024;TBZ1;8;2;4;3;23;E2;2;13,71;;0;0;0;0;0;0;0;0;0
1025;TBZ1;8;2;4;3;2;E1;4;14,58;;0;0;0;0;0;1;0;0;0
1026;TBZ1;8;2;4;3;2;E1;4;12,83;;0;0;0;0;0;1;0;0;0
1027;TBZ1;8;2;4;3;2;S;4;28,89;12;0;0;0;0;1;0;0;0;0
1028;TBZ1;8;2;4;3;2;E1;4;11,39;;0;0;0;0;0;1;0;0;0
1029;TBZ1;8;2;4;3;2;E1;4;8,72;15;0;0;0;0;0;1;0;0;0
1030;TBZ1;8;2;4;3;2;S;4;22,25;;0;0;0;0;1;0;0;0;0
1031;TBZ1;8;2;4;3;23;S;4;10,89;13;0;0;0;0;0;0;0;0;0
1032;TBZ1;8;2;4;3;23;S;4;11,98;7;0;0;0;0;0;0;0;0;0
1033;TBZ1;8;2;4;3;2;E1;4;13,55;11;0;0;0;0;0;1;0;0;0
1034;TBZ1;8;2;4;3;2;E1;4;13,63;14;0;0;0;0;0;1;0;0;0
1035;TBZ1;8;2;4;3;2;E1;4;11,72;;0;0;0;0;0;1;0;0;0
1036;TBZ1;8;2;4;3;23;E1;4;12,33;9;0;0;0;0;0;1;0;0;0
1037;TBZ1;8;2;4;3;23;S;4;13,98;10;0;0;0;0;0;0;0;0;0
1038;TBZ1;8;2;4;3;2;S;4;26,25;16;0;0;0;0;1;0;0;0;0
1039;TBZ1;8;2;4;3;2;E1;4;13,21;18;0;0;0;0;0;1;0;0;0
1040;TBZ1;8;2;4;3;2;E1;4;12,32;12;0;0;0;0;0;1;0;0;0
1041;TBZ1;8;2;4;3;2;E1;4;11,88;14;0;0;0;0;0;1;0;0;0
1042;TBZ1;8;2;4;3;2;E1;4;14,69;;0;0;0;0;0;1;0;0;0
1043;TBZ1;8;2;4;3;2;E1;4;12,97;;0;0;0;0;0;1;0;0;0
1044;TBZ1;8;2;4;3;2;E1;4;14,83;;0;0;0;0;0;1;0;0;0
1045;TBZ1;8;2;4;3;2;S;4;27,83;15;0;0;0;0;0;0;0;0;0
1046;TBZ1;8;2;4;3;2;E2;2;19,24;10;0;0;0;0;0;0;0;0;0
1047;TBZ1;8;2;4;3;23;S;4;15,82;11;0;0;0;0;0;0;0;0;0
1048;TBZ1;8;2;4;3;2;C;2;8,33;4;0;0;0;0;0;0;0;0;0
1049;TBZ1;8;3;4;3;2;S;4;22,47;;0;0;0;0;0;0;0;0;0
1050;TBZ1;8;3;4;3;2;E2;2;21,22;;0;0;0;0;0;0;0;0;0
1051;TBZ1;8;3;4;3;2;S;5;31,53;;0;0;0;0;0;0;0;0;0
1052;TBZ1;8;3;4;3;2;S;3;7,77;;0;0;0;0;0;0;0;0;0
1053;TBZ1;8;3;4;3;1;S;3;8,59;11;0;0;0;0;0;0;0;0;0
1055;TBZ1;8;3;4;3;2;E1;4;12,19;12;0;0;0;0;0;1;0;0;0
1056;TBZ1;8;3;4;3;2;E1;4;7,95;8;0;0;0;0;0;1;0;0;0
1057;TBZ1;8;3;4;3;2;S;4;10,67;;0;0;0;0;0;0;0;0;0
1058;TBZ1;8;3;4;3;2;E1;4;10,87;11;0;0;0;0;0;1;0;0;0
1059;TBZ1;8;3;4;3;2;E1;4;12,78;;0;0;0;0;0;0;0;0;0
1060;TBZ1;8;4;4;3;2;E1;4;11,85;14;0;0;0;0;0;1;0;0;0
1061;TBZ1;8;4;4;3;2;E1;4;7,23;11;0;0;0;0;0;0;0;0;0
1062;TBZ1;8;4;4;3;2;E1;4;12,95;;0;0;0;0;0;1;0;0;0
1063;TBZ1;8;4;4;3;2;C;2;7,87;6;0;0;0;1;0;0;0;0;0
1064;TBZ1;8;4;4;3;23;S;4;9,05;8;0;0;0;0;0;0;0;0;0
1065;TBZ1;8;4;4;3;2;E2;2;14,98;10;0;0;0;0;0;0;0;1;0
1066;TBZ1;8;4;4;3;2;E2;2;16,48;9;0;0;0;0;0;0;0;0;0
1067;TBZ1;8;4;4;3;2;S;2;20,56;10;0;0;0;0;0;0;0;0;0
1068;TBZ1;8;4;4;3;2;S;4;17,96;;0;0;0;0;0;0;0;0;0
1069;TBZ1;8;4;4;3;2;S;4;19,5;12;0;0;0;0;1;0;0;0;0
1070;TBZ1;8;4;4;3;2;E1;4;;12;0;0;0;0;0;0;0;0;0
1071;TBZ1;8;4;4;3;2;E1;4;;11;0;0;0;0;0;1;0;0;0
1072;TBZ1;8;4;4;3;2;S;4;;10;0;0;0;0;0;0;0;1;0
1073;TBZ1;8;4;4;3;2;E1;4;;14;0;0;0;0;0;1;0;0;0
1074;TBZ1;8;4;4;3;2;S;4;;13;0;0;0;0;0;0;0;0;0
1075;TBZ1;8;4;4;3;2;S;4;;;0;0;0;0;0;0;0;0;0
1076;TBZ1;8;4;4;3;2;S;4;;10;0;0;0;0;1;0;0;0;0
1077;TBZ1;8;4;4;3;2;S;4;;;0;0;0;0;0;0;0;0;0
1078;TBZ1;8;4;4;3;2;S;4;;;0;0;0;0;0;0;0;0;0
1079;TBZ1;8;4;4;3;2;S;4;;;0;0;0;0;0;0;0;1;0
1080;TBZ1;8;4;4;3;2;E2;2;;;0;0;0;0;0;0;0;0;0
1081;TBZ1;8;4;4;3;2;E2;2;;;0;0;0;0;0;0;0;0;0
1082;TBZ1;8;4;4;3;2;E2;2;;4;0;0;0;0;0;0;0;0;0
1083;TBZ1;8;5;3;2;2;S;4;24,77;20;0;0;0;0;1;0;0;0;0
1084;TBZ1;8;5;3;2;2;S;4;26,11;18;0;0;0;0;1;0;0;0;0
1085;TBZ1;8;5;3;2;2;S;4;6,51;11;0;0;0;0;1;0;0;0;0
1086;TBZ1;8;5;3;2;2;S;4;8,74;12;0;0;0;0;1;0;0;0;0
1087;TBZ1;8;5;3;2;2;S;4;7,07;13;0;0;0;0;0;0;0;0;0
1089;TBZ1;8;5;3;2;2;E1;4;9,53;9;0;0;0;0;0;0;0;1;0
1090;TBZ1;8;5;3;2;1;E1;4;8,57;9;0;0;0;0;0;0;0;1;0
1091;TBZ1;8;5;3;2;2;E1;4;12,35;7;0;0;0;0;0;0;0;1;0
1092;TBZ1;8;5;3;2;2;E1;4;8,22;8;0;0;0;0;0;0;0;1;0
1093;TBZ1;8;5;3;2;2;E1;4;9,19;9;0;0;0;0;0;0;0;1;0
1094;TBZ1;8;5;3;2;2;E2;2;11,38;10;0;0;0;0;0;0;0;0;0
1095;TBZ1;8;5;3;2;2;E2;2;14,62;10;0;0;0;0;1;0;0;0;0
1096;TBZ1;8;5;3;2;2;E2;2;12,07;9;0;0;0;0;1;0;0;0;0
1097;TBZ1;8;5;3;2;2;E2;2;14,22;10;0;0;0;0;1;0;0;1;0
1098;TBZ1;8;5;3;2;2;E2;2;11,28;9;0;0;0;0;0;0;0;1;0
1099;TBZ1;8;5;3;2;2;E2;2;13,19;10;0;0;0;0;1;0;0;1;0
1100;TBZ1;8;5;3;2;2;E2;2;13,14;10;0;0;0;0;0;0;0;0;0
1101;TBZ1;8;5;3;2;2;E2;2;13,87;9;0;0;0;0;1;0;0;1;0
1102;TBZ1;8;5;3;2;2;E2;2;13,35;10;0;0;0;0;1;0;0;0;0
1103;TBZ1;8;5;3;2;2;E2;2;10,47;9;0;0;0;0;0;0;0;0;0
1104;TBZ1;8;5;3;2;2;E2;2;14,26;8;0;0;0;0;1;0;0;0;0
1105;TBZ1;8;5;3;2;2;E2;2;12,31;8;0;0;0;0;1;0;0;1;0
1106;TBZ1;8;5;3;2;2;E2;2;10,3;8;0;0;0;0;1;0;0;0;0
1107;TBZ1;8;5;3;2;2;E2;2;13,65;5;0;0;0;0;1;0;0;0;0
1108;TBZ1;8;5;3;2;2;E2;2;13,3;8;0;0;0;0;1;0;0;1;0
1109;TBZ1;8;5;3;2;2;E2;2;14,07;5;0;0;0;0;1;0;0;1;0
1111;TBZ1;8;5;3;2;2;E1;4;;10;0;0;0;0;0;0;0;1;0
1112;TBZ1;8;5;3;2;2;E1;4;11,48;10;0;0;0;0;0;1;0;0;0
1113;TBZ1;8;5;3;2;2;E1;4;12,9;;0;0;0;0;0;1;0;0;0
1114;TBZ1;8;5;3;2;2;E1;4;10,44;8;0;0;0;0;0;0;0;0;0
1115;TBZ1;8;6;2;2;2;;4;11,32;10;0;0;0;0;0;0;0;0;0
1116;TBZ1;8;6;2;2;1;E1;4;12,36;10;0;0;0;0;0;0;0;1;0
1117;TBZ1;8;6;2;2;1;E1;4;11,04;;0;0;0;0;0;0;0;1;0
1118;TBZ1;8;6;2;2;1;E1;4;9,14;10;0;0;0;0;0;0;0;0;0
1119;TBZ1;8;6;2;2;1;E1;4;9,8;11;0;0;0;0;0;0;0;1;0
1120;TBZ1;8;6;2;2;2;E1;4;12,93;9;0;0;0;0;0;0;0;1;0
1121;TBZ1;8;6;2;2;2;E1;4;12,49;;0;0;0;0;0;0;0;0;0
1122;TBZ1;8;6;2;2;2;S;5;27,85;20;0;0;0;0;1;0;0;0;0
1123;TBZ1;8;6;2;2;2;S;5;27,29;;0;0;0;0;1;0;0;0;0
1124;TBZ1;8;6;2;2;2;S;3;8,55;11;0;0;0;0;0;0;0;1;0
1125;TBZ1;8;6;2;2;1;S;3;7,63;14;0;0;0;0;0;0;0;1;0
1126;TBZ1;8;6;2;2;2;S;3;9,95;;0;0;0;0;0;0;0;1;0
1127;TBZ1;8;6;2;2;1;S;3;9,04;9;0;0;0;0;0;0;0;1;0
1128;TBZ1;8;6;2;2;1;E2;2;11,97;9;0;0;0;0;1;0;0;1;0
1129;TBZ1;8;6;2;2;2;E2;2;13,11;9;0;0;0;0;1;0;0;1;0
1130;TBZ1;8;6;2;2;2;E2;2;14,18;10;0;0;0;0;1;0;0;0;0
1131;TBZ1;8;6;2;2;2;E2;2;11,73;8;0;0;0;0;1;0;0;0;0
1132;TBZ1;8;6;2;2;1;E2;2;12,21;9;0;0;0;0;1;0;0;1;0
1133;TBZ1;8;6;2;2;1;E2;2;13,07;9;0;0;0;0;1;0;0;1;0
1134;TBZ1;8;6;2;2;1;E2;2;12,98;;0;0;0;0;1;0;0;0;0
1135;TBZ1;8;6;2;2;1;E2;2;11,69;9;0;0;0;0;1;0;0;1;0
1136;TBZ1;8;6;2;2;;E2;2;11,03;9;0;0;0;0;1;0;0;1;0
1137;TBZ1;8;6;2;2;;E2;2;11,54;11;0;0;0;0;1;0;0;1;0
1138;TBZ1;8;6;2;2;2;E2;2;12,99;10;0;0;0;0;1;0;0;1;0
1139;TBZ1;8;6;2;2;1;E2;2;12,69;10;0;0;0;0;1;0;0;1;0
1140;TBZ1;8;6;2;2;1;E2;2;8,94;9;0;0;0;0;1;0;0;1;0
1141;TBZ1;8;6;2;2;1;E2;2;12,47;10;0;0;0;0;1;0;0;1;0
1142;TBZ1;8;6;2;2;1;E2;2;12,43;9;0;0;0;0;1;0;0;1;0
1143;TBZ1;8;6;2;2;1;E2;2;11,8;9;0;0;0;0;1;0;0;1;0
1144;TBZ1;8;6;2;2;1;E2;2;11,5;9;0;0;0;0;1;0;0;1;0
1145;TBZ1;8;6;2;2;1;E2;2;12,17;9;0;0;0;0;1;0;0;1;0
1146;TBZ1;8;6;2;2;1;E2;2;12,37;9;0;0;0;0;1;0;0;1;0
1147;TBZ1;8;6;2;2;2;E2;2;12,29;10;0;0;0;0;1;0;0;1;0
1148;TBZ1;8;6;2;2;1;E2;2;12,75;10;0;0;0;0;1;0;0;1;0
1149;TBZ1;8;6;2;2;2;E2;2;12,57;10;0;0;0;0;1;0;0;1;0
1150;TBZ1;8;6;2;2;1;E2;2;10,64;10;0;0;0;0;1;0;0;1;0
1151;TBZ1;8;6;2;2;1;E2;2;12,83;12;0;0;0;0;0;0;0;1;0
1152;TBZ1;8;6;2;2;1;S;3;7,48;10;0;0;0;0;0;0;0;1;0
1154;TBZ1;8;6;2;2;2;S;4;20,67;14;0;0;0;0;1;0;0;0;0
1155;TBZ1;8;6;2;2;2;E2;4;18,25;14;0;0;0;0;1;0;0;0;0
1156;TBZ1;8;6;2;2;2;S;4;20,77;;0;0;0;0;1;0;0;0;0
1157;TBZ1;8;6;2;2;2;E2;2;10,03;10;0;0;0;0;0;0;0;0;0
1158;TBZ1;8;6;2;2;2;E2;2;9,64;11;0;0;0;0;0;0;0;0;0
1159;TBZ1;8;7;2;2;2;E1;4;9,82;11;0;0;0;0;0;0;0;0;0
1160;TBZ1;8;7;2;2;2;E2;2;12,44;9;0;0;0;0;0;0;0;0;0
1161;TBZ1;8;7;2;2;2;E2;2;12,54;10;0;0;0;0;0;0;0;0;0
1162;TBZ1;8;7;2;2;2;E2;2;11,47;;0;0;0;0;0;0;0;0;0
1163;TBZ1;8;7;2;2;2;E2;2;12,9;;0;0;0;0;0;0;0;0;0
1164;TBZ1;8;7;2;2;2;E2;2;17,01;9;0;0;0;0;0;0;0;0;0
1165;TBZ1;8;7;2;2;2;E2;2;11,67;10;0;0;0;0;1;0;0;0;0
1166;TBZ1;8;7;2;2;2;E2;2;12,99;10;0;0;0;0;0;0;0;1;0
1167;TBZ1;8;7;2;2;2;E2;2;11,05;8;0;0;0;0;1;0;0;1;0
1168;TBZ1;8;7;2;2;2;E1;4;9,37;;0;0;0;0;0;0;0;0;0
1169;TBZ1;8;7;2;2;2;E2;2;10,97;;0;0;0;0;0;0;0;0;0
1170;TBZ1;8;7;2;2;2;S;3;12,81;11;0;0;0;0;0;0;0;0;0
1171;TBZ1;8;7;2;2;2;E2;2;10,51;9;0;0;0;0;1;0;0;1;0
1172;TBZ1;8;7;2;2;2;E2;2;11,63;10;0;0;0;0;1;0;0;1;0
1173;TBZ1;8;8;1;1;2;E2;2;14,15;5;0;0;0;1;0;0;0;0;0
1174;TBZ1;8;8;1;1;1;E2;2;12,44;9;0;0;0;0;1;0;0;1;0
1175;TBZ1;8;8;1;1;1;E2;2;12,17;10;0;0;0;0;1;0;0;1;0
1176;TBZ1;8;8;1;1;1;E2;2;9,08;9;0;0;0;0;0;0;0;0;0
1177;TBZ1;8;8;1;1;2;E2;2;16,77;;0;0;0;0;0;0;0;0;0
1178;TBZ1;8;8;1;1;2;E2;2;17,9;10;0;0;0;0;0;0;0;0;0
1179;TBZ1;8;8;1;1;2;E2;2;13,11;11;0;0;0;0;0;0;0;0;0
1180;TBZ1;8;8;1;1;2;E2;2;11,82;10;0;0;0;0;1;0;0;0;0
1181;TBZ1;8;8;1;1;2;S;4;14,46;11;0;0;0;0;0;0;0;0;0
1182;TBZ1;8;8;1;1;2;E2;2;12,72;10;0;0;0;1;0;0;0;0;0
1183;TBZ1;8;8;1;1;2;S;3;9,37;10;0;0;0;0;0;0;0;1;0
1184;TBZ1;8;8;1;1;2;S;4;10,09;10;0;0;0;0;0;0;0;0;0
1185;TBZ1;8;8;1;1;2;S;4;9,11;10;0;0;0;0;0;0;0;0;0
1186;TBZ1;8;9;1;1;2;E2;2;13,41;;0;0;0;0;0;0;0;0;0
1187;TBZ1;8;9;1;1;2;E2;2;15,11;11;0;0;0;1;0;0;0;0;0
1188;TBZ1;8;9;1;1;2;E2;2;12,17;11;0;0;0;0;0;0;0;0;0
1189;TBZ1;8;10;1;1;2;E2;2;19,31;11;0;0;0;0;0;0;0;0;0
1190;TBZ1;8;11;1;1;2;E2;2;14,53;11;0;0;0;0;0;0;0;0;0
1191;TBZ1;8;11;1;1;1;S;4;7,54;14;0;0;0;1;0;0;0;0;0
1192;TBZ1;8;11;1;1;1;S;3;8,1;4;0;0;0;0;0;0;0;0;0
1193;TBZ1;8;11;1;1;1;S;4;7,03;10;0;0;0;1;0;0;0;0;0
1194;TBZ1;8;11;1;1;1;S;4;12,45;9;0;0;0;0;0;0;0;0;0
1195;TBZ1;8;12;1;1;1;E2;2;14,58;8;0;0;0;1;0;0;0;0;0
1196;TBZ1;8;12;1;1;2;E2;2;14,59;9;0;0;0;0;0;0;0;0;0
1197;TBZ1;8;12;1;1;2;E2;2;16,85;12;0;0;0;0;0;0;0;0;0
1198;TBZ1;8;12;1;1;1;S;3;5,05;;0;0;0;0;0;0;0;0;0
1199;TBZ1;8;12;1;1;;S;3;5,52;15;0;0;0;0;0;0;0;0;0
1200;TBZ1;8;12;1;1;2;S;4;12,99;;0;0;0;1;0;0;0;0;0
1201;TBZ1;8;13;1;1;1;S;3;4,64;;0;0;0;1;0;0;0;0;0
1202;TBZ1;8;13;1;1;1;S;2;11,27;6;0;0;0;1;0;0;0;0;0
1203;TBZ1;8;13;1;1;1;S;2;14,38;8;0;0;0;1;0;0;0;0;0
1205;TBZ1;8;13;1;1;2;E2;2;15,15;;0;0;0;1;0;0;0;0;0
1206;TBZ1;8;13;1;1;2;S;4;5,77;;0;0;0;1;0;0;0;0;0
1207;TBZ1;8;13;1;1;1;S;3;6,53;12;0;0;0;1;0;0;0;0;0
1208;TBZ1;8;13;1;1;1;S;4;5,88;;0;0;0;1;0;0;0;0;0
1209;TBZ1;8;14;1;1;1;S;4;6,39;;0;0;0;0;0;0;0;0;0
1210;TBZ1;8;14;1;1;1;S;4;6,91;;0;0;0;0;0;0;0;0;0
1211;TBZ1;8;1;4;3;2;S;4;29,95;12;0;0;0;0;0;0;0;0;0
1212;TBZ1;8;1;4;3;2;E1;4;10,31;11;0;0;0;0;0;1;0;0;0
1213;TBZ1;8;1;4;3;23;C;2;6,5;5;0;0;0;0;0;0;0;0;0
1214;TBZ1;8;2;4;3;23;E2;2;12,95;9;0;0;0;0;0;0;0;1;0
1215;TBZ1;8;2;4;3;2;E1;4;8,97;11;0;0;0;0;0;1;0;0;0
1216;TBZ1;8;2;4;3;2;E1;4;13,44;12;0;0;0;0;0;1;0;0;0
1217;TBZ1;8;5;3;2;2;S;4;24,26;10;0;0;0;0;1;0;0;0;0
1218;TBZ1;8;5;3;2;2;E1;4;10,57;10;0;0;0;0;0;1;0;1;0
1219;TBZ1;8;6;2;2;1;E1;4;12,29;11;0;0;0;1;0;0;0;0;0
1220;TBZ1;8;6;2;2;1;E1;4;10,01;10;0;0;0;0;0;0;0;1;0
1221;TBZ1;8;6;2;2;1;S;5;28,92;20;0;0;0;0;1;0;0;1;0
1222;TBZ1;8;6;2;2;1;E2;2;13,82;10;0;0;0;0;0;0;0;1;0
1223;TBZ1;8;6;2;2;2;E2;2;15,79;10;0;0;0;0;1;0;0;0;0
1224;TBZ1;8;6;2;2;2;E2;2;10,52;11;0;0;0;0;1;0;0;0;0
1225;TBZ1;8;7;2;2;2;E2;2;12,22;10;0;0;0;0;1;0;0;1;0
1226;TBZ1;8;7;2;2;1;E2;2;13,51;9;0;0;0;0;1;0;0;1;0
1227;TBZ1;8;7;2;2;2;E2;2;12,5;10;0;0;0;0;1;0;0;1;0
1228;TBZ1;8;7;2;2;2;E2;2;15,09;11;0;0;0;0;0;0;0;1;0
1229;TBZ1;8;8;1;1;2;E2;2;12,5;9;0;0;0;0;1;0;0;0;0
1230;TBZ1;8;8;1;1;1;E2;2;12,53;10;0;0;0;0;1;0;0;1;0
1231;TBZ1;8;8;1;1;2;E1;4;11,7;9;0;0;0;0;0;0;0;0;0
1232;TBZ1;8;8;1;1;1;E2;2;11,44;10;0;0;0;0;0;0;0;0;0
1233;TBZ1;8;8;1;1;2;S;4;8,23;;0;0;0;0;0;0;0;0;0
1234;TBZ1;8;9;1;1;1;S;2;6,73;;0;0;0;1;0;0;0;0;0
1235;TBZ1;8;9;1;1;1;S;4;15,26;;0;0;0;1;0;0;0;0;0
1236;TBZ1;8;10;1;1;2;E2;2;15,48;12;0;0;0;1;0;0;0;0;0
1237;TBZ1;8;10;1;1;2;S;4;7,61;13;0;0;0;0;0;0;0;0;0
1238;TBZ1;8;11;1;1;2;E2;2;17,05;11;0;0;0;0;0;0;0;0;0
1239;TBZ1;8;11;1;1;2;E2;2;14,5;16;0;0;0;0;0;0;0;0;0
1240;TBZ1;8;11;1;1;2;E2;2;14,5;;0;0;0;1;0;0;0;0;0
1241;TBZ1;8;11;1;1;1;S;2;14,24;6;0;0;0;1;0;0;0;0;0
1242;TBZ1;8;11;1;1;1;S;2;15,15;7;1;0;0;0;0;0;0;0;0
1243;TBZ1;8;12;1;1;1;S;4;6,38;11;0;0;0;1;0;0;0;0;0
1244;TBZ1;8;12;1;1;1;S;2;12,26;9;0;0;0;1;0;0;0;0;0
1245;TBZ1;8;12;1;1;1;S;2;14,6;7;0;0;0;1;0;0;0;0;0
1246;TBZ1;8;13;1;1;1;S;4;6,19;;0;0;0;1;0;0;0;0;0
1247;TBZ1;8;13;1;1;1;S;2;14,66;8;0;0;0;1;0;0;0;0;0
1248;TBZ1;8;13;1;1;1;S;4;9,6;11;0;0;0;1;0;0;0;0;0
1249;TBZ1;8;14;1;1;1;S;2;12,61;;0;0;0;1;0;0;0;0;0
1250;TBZ1;8;15;1;1;1;S;4;6,87;;0;0;0;0;0;0;0;0;0
1251;TBZ1;8;15;1;1;1;S;4;6,95;11;0;0;0;0;0;0;0;0;0
1252;TBZ2;;1;;;2;E1;4;12,12;;0;0;0;0;0;1;0;0;0
1253;TBZ2;;1;;;2;E1;4;9,18;;0;0;0;0;0;1;0;0;0
1254;TBZ2;;1;;;2;S;4;25,48;;0;0;0;0;0;0;0;0;0
1255;TBZ2;;1;;;2;S;4;13,77;;0;0;0;0;0;0;0;0;0
1256;TBZ2;;2;;;2;E1;4;11,14;;0;0;0;0;0;0;0;0;0
1257;TBZ2;;2;;;2;S;4;9,51;6;0;0;0;1;0;0;0;0;0
1259;TBZ2;;2;;;2;S;4;11,69;10;0;0;0;0;0;0;0;0;0
1260;TBZ2;;1;;;2;S;4;10,72;13;0;0;0;0;0;0;0;0;0
1261;TBZ2;;1;;;2;E1;4;9,96;;0;0;0;0;0;1;0;0;0
1262;TBZ2;;1;;;2;S;4;9,63;;0;0;0;0;0;0;0;0;0
1263;TBZ2;;1;;;2;S;4;9,48;11;0;0;0;0;0;0;0;0;0
1264;TBZ2;;1;;;2;E1;4;12;11;0;0;0;0;0;0;0;0;0
1265;TBZ2;;2;;;2;S;4;9,58;;0;0;0;0;0;0;0;0;0
1266;TBZ2;;2;;;2;S;4;6,25;;0;0;0;0;0;0;0;0;0
1267;TBZ2;;2;;;2;E2;2;12,64;11;0;0;0;0;0;0;0;0;0
1268;TBZ2;;3;;;2;E1;2;10,18;;0;0;0;0;0;0;0;0;0
1269;TBZ2;;3;;;2;E1;4;14,87;14;0;0;0;0;0;0;0;0;0
1270;TBZ2;;3;;;2;S;4;8,65;10;0;0;0;0;0;0;0;0;0
1271;TBZ2;3;1;4;3;23;S;4;9,7;11;0;0;0;0;0;0;0;0;0
1272;TBZ2;3;1;4;3;23;S;4;10,78;;0;0;0;0;0;0;0;0;0
1273;TBZ2;3;1;4;3;2;E1;4;13,76;15;0;0;0;0;0;1;0;0;0
1274;TBZ2;3;1;4;3;23;;4;11,82;;0;0;0;0;0;0;0;0;0
1275;TBZ2;3;1;4;3;1;S;4;9,41;9;0;0;0;0;0;0;0;0;0
1276;TBZ2;3;1;4;3;23;E1;4;13,03;;0;0;0;0;0;1;0;0;0
1277;TBZ2;3;1;4;3;23;E1;4;9,47;11;0;0;0;0;0;1;0;1;0
1278;TBZ2;3;1;4;3;2;S;4;27,63;11;0;0;0;0;1;0;0;0;0
1279;TBZ2;3;2;4;3;2;S;4;18,41;15;0;0;0;0;1;0;0;1;0
1280;TBZ2;3;2;4;3;2;S;4;21,17;10;0;0;0;0;1;0;0;1;0
1281;TBZ2;3;2;4;3;2;S;4;19,1;11;0;0;0;0;0;0;0;0;0
1282;TBZ2;3;2;4;3;2;E1;4;11,1;;0;0;0;0;0;1;0;0;0
1283;TBZ2;3;2;4;3;2;S;4;25,18;19;0;0;0;0;1;0;0;1;0
1284;TBZ2;3;2;4;3;2;C;2;10,08;;0;0;0;0;0;0;0;0;1
1285;TBZ2;3;2;4;3;2;S;4;23,28;;0;0;0;0;0;0;0;0;0
1286;TBZ2;3;2;4;3;2;E2;2;10,47;5;0;0;0;0;0;0;0;0;0
1287;TBZ2;3;2;4;3;2;E1;4;10,34;;0;0;0;0;0;1;0;0;0
1289;TBZ2;3;2;4;3;2;S;4;12,82;;0;0;0;0;0;0;0;0;0
1290;TBZ2;3;2;4;3;2;S;4;18,55;;0;0;0;0;0;0;0;0;0
1291;TBZ2;3;3;4;3;2;E2;2;22,03;8;0;0;0;0;0;0;0;0;1
1292;TBZ2;3;3;4;3;2;E2;2;23,46;10;0;0;0;0;0;0;0;0;1
1293;TBZ2;3;3;4;3;2;E1;4;8,73;;0;0;0;0;0;1;0;1;0
1294;TBZ2;3;3;4;3;2;S;4;23,44;19;0;0;0;1;0;0;0;0;0
1295;TBZ2;3;3;4;3;2;S;4;18,43;15;0;0;0;0;0;0;0;1;0
1296;TBZ2;3;3;4;3;2;S;4;17,03;14;0;0;0;0;0;0;0;0;0
1297;TBZ2;3;3;4;3;2;S;4;14,29;15;0;0;0;0;0;0;0;0;1
1298;TBZ2;3;3;4;3;2;E1;4;8,89;;0;0;0;0;0;1;0;1;0
1299;TBZ2;3;4;4;3;2;S;5;36,83;;0;0;0;0;0;0;0;0;0
1300;TBZ2;3;4;4;3;2;S;4;23,13;10;0;0;0;0;0;0;0;0;0
1301;TBZ2;3;4;4;3;2;S;4;11,98;10;0;0;0;1;0;0;0;0;0
1302;TBZ2;3;4;4;3;2;E1;4;10,84;15;0;0;0;0;0;0;0;0;0
1303;TBZ2;3;4;4;3;2;C;2;8,14;5;0;0;0;0;0;0;0;0;1
1304;TBZ2;3;4;4;3;2;E2;2;8,93;6;0;0;0;0;0;0;0;0;0
1305;TBZ2;3;4;4;3;2;S;5;34,16;;0;0;0;0;1;0;0;0;0
1306;TBZ2;3;4;4;3;23;E1;4;11,46;;0;0;0;0;0;0;0;0;0
1307;TBZ2;3;4;4;3;2;S;4;10,66;7;0;0;0;0;0;0;0;0;0
1308;TBZ2;3;4;4;3;2;S;4;31,07;;0;0;0;0;0;0;0;0;0
1309;TBZ2;3;4;4;3;2;S;4;16,31;8;0;0;0;0;0;0;0;1;1
1310;TBZ2;3;4;4;3;2;S;4;10,77;8;0;0;0;1;0;0;0;0;0
1311;TBZ2;3;4;4;3;2;S;4;12,5;13;0;0;0;0;0;0;0;0;1
1312;TBZ2;3;4;4;3;2;S;4;10,98;;0;0;0;0;0;0;0;0;0
1313;TBZ2;3;4;4;3;2;S;4;7,63;6;0;0;0;0;0;0;0;0;1
1314;TBZ2;3;4;4;3;2;S;4;18,15;15;0;0;0;0;0;0;0;1;1
1315;TBZ2;3;4;4;3;1;;2;17,89;10;0;0;0;0;0;0;0;0;0
1316;TBZ2;3;4;4;3;2;E2;2;12,43;11;0;0;0;0;0;0;0;0;0
1317;TBZ2;3;4;4;3;2;S;4;34,49;;0;0;0;0;1;0;0;0;0
1318;TBZ2;3;5;4;3;2;E2;2;14,65;10;0;0;0;0;1;0;0;1;0
1319;TBZ2;3;5;4;3;2;E2;2;15,68;10;0;0;0;0;0;0;0;1;0
1320;TBZ2;3;5;4;3;2;S;5;30,57;;0;0;0;0;0;0;0;0;0
